index,state,year,gas_consumption (BBtu),coal_consumption (BBtu),renewable_consumption (BBtu),petroleum_consumption (BBtu),nuclear_consumption (BBtu),expenditures (M dollars),price (dollars per MBtu)
0,AK,2001,413049.0,15911.0,17446.0,289334.0,0.0,2785.1,8.18
1,AL,2001,344004.0,842337.0,252841.0,534772.0,317019.0,11697.8,9.45
2,AR,2001,231590.0,273982.0,94022.0,353382.0,154356.0,7323.7,10.2
3,AZ,2001,244424.0,424023.0,92536.0,514052.0,299966.0,10673.9,12.82
4,CA,2001,2513856.0,67839.0,615198.0,3585715.0,346911.0,73085.8,13.0
5,CO,2001,464062.0,400028.0,30471.0,453248.0,0.0,9970.1,10.72
6,CT,2001,149344.0,39991.0,29919.0,418855.0,161112.0,7949.7,13.49
7,DC,2001,30577.0,741.0,866.0,33414.0,0.0,1519.1,15.21
8,DE,2001,51817.0,38335.0,1325.0,138478.0,0.0,1958.6,11.24
9,FL,2001,569757.0,725890.0,158138.0,1941855.0,329825.0,31485.3,12.62
10,GA,2001,362643.0,772021.0,192068.0,1011020.0,351739.0,19424.2,10.23
11,HI,2001,134.0,17774.0,12395.0,239817.0,0.0,2779.2,15.34
12,IA,2001,193445.0,443921.0,76705.0,381227.0,40234.0,8185.0,10.21
13,ID,2001,81804.0,11395.0,104604.0,155395.0,0.0,3183.1,9.78
14,IL,2001,958425.0,983729.0,100875.0,1230341.0,964500.0,29125.5,11.1
15,IN,2001,505274.0,1569235.0,53158.0,801895.0,0.0,16979.8,8.82
16,KS,2001,273862.0,354647.0,10929.0,377245.0,108050.0,7051.1,10.71
17,KY,2001,216705.0,1013055.0,53539.0,627963.0,0.0,10503.9,9.3
18,LA,2001,1347228.0,239990.0,136129.0,1965937.0,181041.0,20720.1,7.93
19,MA,2001,364097.0,109014.0,48003.0,739924.0,53719.0,15797.9,14.3
20,MD,2001,184783.0,318851.0,33276.0,566433.0,142612.0,11221.2,11.86
21,ME,2001,101190.0,7875.0,146148.0,227875.0,0.0,3573.5,10.18
22,MI,2001,924496.0,789703.0,99025.0,980720.0,278941.0,21789.6,9.94
23,MN,2001,344882.0,353305.0,108048.0,652093.0,123113.0,12421.0,10.42
24,MO,2001,288586.0,716378.0,33141.0,722516.0,87557.0,13806.8,11.04
25,MS,2001,340904.0,198275.0,56103.0,479661.0,103635.0,7569.8,10.37
26,MT,2001,66483.0,184401.0,80654.0,156398.0,0.0,2472.1,10.66
27,NC,2001,215600.0,756311.0,131872.0,900456.0,394485.0,18889.1,11.67
28,ND,2001,57334.0,420001.0,19505.0,137162.0,0.0,2169.8,7.28
29,NE,2001,124051.0,226691.0,43413.0,215468.0,91127.0,4454.4,10.36
30,NH,2001,24757.0,40125.0,30187.0,166694.0,90778.0,3061.5,13.62
31,NJ,2001,573040.0,112207.0,30089.0,1193427.0,318190.0,19987.8,11.13
32,NM,2001,259626.0,297096.0,7911.0,238316.0,0.0,4229.7,11.39
33,NV,2001,181256.0,188572.0,46005.0,247451.0,0.0,5234.6,12.97
34,NY,2001,1204885.0,306993.0,351194.0,1625732.0,421845.0,39674.6,13.71
35,OH,2001,836825.0,1362828.0,68387.0,1257823.0,161488.0,29052.9,10.9
36,OK,2001,505220.0,376112.0,48426.0,581673.0,0.0,9916.9,10.46
37,OR,2001,235634.0,43365.0,351491.0,352498.0,0.0,7386.3,10.97
38,PA,2001,668960.0,1392203.0,97228.0,1431355.0,769971.0,29847.8,11.26
39,RI,2001,98571.0,50.0,3899.0,99767.0,0.0,2307.2,14.05
40,SC,2001,147167.0,414459.0,70578.0,481022.0,520792.0,9937.2,10.4
41,SD,2001,37035.0,44372.0,41085.0,110286.0,0.0,1925.8,11.05
42,TN,2001,265461.0,687352.0,138865.0,710393.0,298424.0,13937.0,9.99
43,TX,2001,4382935.0,1492977.0,102165.0,5773604.0,398535.0,74136.9,8.86
44,UT,2001,167582.0,384453.0,12128.0,260345.0,0.0,4542.5,9.27
45,VA,2001,246406.0,487601.0,95661.0,888633.0,269003.0,16114.5,10.71
46,VT,2001,7909.0,50.0,17342.0,89212.0,43559.0,1637.4,13.9
47,WA,2001,322413.0,99441.0,660974.0,768387.0,86159.0,12865.9,10.44
48,WI,2001,363022.0,494043.0,128460.0,603696.0,120168.0,13152.9,10.56
49,WV,2001,150543.0,866590.0,15165.0,217958.0,0.0,4302.3,8.81
50,WY,2001,103990.0,499817.0,14658.0,156709.0,0.0,2342.6,8.51
51,US,2001,22747645.0,21906355.0,5164253.0,38087631.0,8028853.0,696242.1,10.78
52,AK,2002,420808.0,16429.0,18269.0,277400.0,0.0,2525.1,7.78
53,AL,2002,389965.0,845999.0,253609.0,562366.0,332650.0,11671.5,9.16
54,AR,2002,247899.0,255242.0,108652.0,356282.0,152024.0,6974.5,9.39
55,AZ,2002,255247.0,406479.0,88046.0,526176.0,322260.0,10461.4,12.39
56,CA,2002,2318656.0,70010.0,684544.0,3704382.0,358707.0,69633.5,12.07
57,CO,2002,457708.0,390480.0,27044.0,434502.0,0.0,8786.2,9.6
58,CT,2002,181665.0,34206.0,28612.0,382283.0,155777.0,7578.8,13.02
59,DC,2002,33688.0,99.0,881.0,33375.0,0.0,1485.8,14.62
60,DE,2002,53782.0,40536.0,1315.0,134057.0,0.0,2013.3,11.17
61,FL,2002,708638.0,719670.0,174380.0,1892395.0,351940.0,30945.9,12.16
62,GA,2002,393127.0,807121.0,283715.0,1006589.0,324827.0,19223.3,9.53
63,HI,2002,140.0,16618.0,10462.0,257441.0,0.0,2688.2,14.23
64,IA,2002,194041.0,441534.0,85207.0,396593.0,47761.0,7738.6,9.36
65,ID,2002,73482.0,10194.0,113189.0,160021.0,0.0,3211.3,9.95
66,IL,2002,1051213.0,986832.0,111585.0,1196049.0,948761.0,26852.3,10.13
67,IN,2002,538368.0,1547530.0,55332.0,852562.0,0.0,16409.6,8.19
68,KS,2002,307432.0,391664.0,19560.0,361909.0,94413.0,6584.4,9.83
69,KY,2002,236124.0,950941.0,65077.0,683158.0,0.0,10415.5,8.8
70,LA,2002,1475464.0,232109.0,144121.0,1986027.0,180702.0,19367.2,7.02
71,MA,2002,404456.0,118358.0,46804.0,711365.0,60237.0,14177.8,12.77
72,MD,2002,203489.0,325834.0,41124.0,544694.0,126641.0,10786.1,11.08
73,ME,2002,126275.0,8000.0,140389.0,230101.0,0.0,3643.8,9.85
74,MI,2002,984715.0,739866.0,99500.0,992007.0,324615.0,22114.8,9.95
75,MN,2002,374171.0,360822.0,104032.0,650633.0,142897.0,11648.2,9.56
76,MO,2002,278873.0,725679.0,37858.0,723507.0,87605.0,13025.1,10.36
77,MS,2002,354550.0,154339.0,49669.0,428283.0,105041.0,7253.6,9.91
78,MT,2002,70992.0,166322.0,108732.0,161571.0,0.0,2280.7,9.28
79,NC,2002,243143.0,770928.0,130792.0,876330.0,413784.0,18347.3,11.37
80,ND,2002,61592.0,422809.0,21759.0,123512.0,0.0,1924.0,6.69
81,NE,2002,121174.0,217939.0,44226.0,222228.0,105696.0,4197.6,9.63
82,NH,2002,26077.0,39845.0,28898.0,176568.0,97054.0,2972.4,12.81
83,NJ,2002,617094.0,104849.0,28790.0,1178970.0,322299.0,19107.8,10.59
84,NM,2002,229691.0,284132.0,8188.0,243128.0,0.0,3908.6,10.61
85,NV,2002,181010.0,164775.0,42485.0,234506.0,0.0,5304.6,13.05
86,NY,2002,1227223.0,280584.0,364410.0,1560207.0,413686.0,36598.0,12.7
87,OH,2002,862453.0,1396899.0,55136.0,1270998.0,113451.0,27491.8,10.37
88,OK,2002,522530.0,391379.0,40973.0,549321.0,0.0,8811.4,9.51
89,OR,2002,206808.0,37751.0,403564.0,366296.0,0.0,7653.1,11.11
90,PA,2002,700472.0,1457349.0,97199.0,1403563.0,794521.0,28636.0,10.81
91,RI,2002,89824.0,76.0,3736.0,98079.0,0.0,2032.0,12.72
92,SC,2002,190714.0,404455.0,80645.0,478674.0,556829.0,9972.1,10.03
93,SD,2002,41532.0,39957.0,52277.0,117665.0,0.0,1913.1,10.09
94,TN,2002,263690.0,655906.0,148413.0,737577.0,287927.0,13839.2,9.69
95,TX,2002,4444506.0,1550325.0,123648.0,5924903.0,371923.0,68744.5,7.96
96,UT,2002,172366.0,370551.0,11230.0,258213.0,0.0,4231.7,9.18
97,VA,2002,266853.0,482759.0,82137.0,855088.0,285549.0,15694.1,10.45
98,VT,2002,8399.0,25.0,22715.0,84489.0,41378.0,1562.6,13.8
99,WA,2002,240494.0,100832.0,893664.0,736282.0,94484.0,12223.2,10.45
100,WI,2002,388007.0,491990.0,110928.0,600959.0,129991.0,12643.8,10.0
101,WV,2002,155536.0,993467.0,16225.0,228699.0,0.0,4295.6,8.53
102,WY,2002,117387.0,480360.0,12279.0,150160.0,0.0,2183.3,8.03
103,US,2002,23513541.0,21902852.0,5726026.0,38122145.0,8145429.0,663964.4,10.1
104,AK,2003,415891.0,12552.0,19607.0,285417.0,0.0,2816.7,9.08
105,AL,2003,360483.0,873735.0,284732.0,561731.0,330137.0,12686.9,9.98
106,AR,2003,254571.0,253653.0,107933.0,357343.0,153093.0,7534.0,10.23
107,AZ,2003,275650.0,406537.0,84201.0,537072.0,297872.0,11922.7,13.86
108,CA,2003,2317062.0,69469.0,768593.0,3520087.0,370958.0,78234.1,13.83
109,CO,2003,436873.0,394163.0,28794.0,457424.0,0.0,9909.9,10.79
110,CT,2003,157252.0,41864.0,32973.0,434313.0,167566.0,9224.7,14.42
111,DC,2003,33700.0,173.0,926.0,29777.0,0.0,1578.6,15.82
112,DE,2003,47971.0,46997.0,1401.0,136588.0,0.0,2200.2,12.31
113,FL,2003,714826.0,723832.0,188488.0,1931768.0,322868.0,34861.4,13.59
114,GA,2003,390760.0,819031.0,221675.0,1033435.0,346601.0,21438.8,10.79
115,HI,2003,137.0,18044.0,13318.0,269414.0,0.0,3335.9,15.6
116,IA,2003,197629.0,444587.0,93652.0,375212.0,41559.0,8506.8,10.45
117,ID,2003,71754.0,10219.0,108868.0,140328.0,0.0,3186.9,10.7
118,IL,2003,1001534.0,1010087.0,127073.0,1238292.0,987308.0,30177.0,11.25
119,IN,2003,566838.0,1570700.0,57491.0,885902.0,0.0,18953.8,9.17
120,KS,2003,284722.0,389464.0,21917.0,419163.0,92648.0,7957.8,11.11
121,KY,2003,231384.0,943652.0,70509.0,644470.0,0.0,11270.3,9.77
122,LA,2003,1353179.0,247978.0,152633.0,1954979.0,168069.0,22948.7,8.58
123,MA,2003,414970.0,109373.0,50418.0,730803.0,51880.0,16201.4,14.76
124,MD,2003,204345.0,329590.0,54160.0,570714.0,142685.0,12458.1,12.34
125,ME,2003,73517.0,7481.0,132348.0,265720.0,0.0,4098.3,11.22
126,MI,2003,950714.0,747940.0,112635.0,968414.0,291332.0,24121.8,10.78
127,MN,2003,374189.0,390691.0,107570.0,671245.0,139799.0,13315.2,10.81
128,MO,2003,265133.0,795634.0,34678.0,739036.0,101089.0,14446.7,11.36
129,MS,2003,275147.0,178949.0,45369.0,480507.0,113625.0,8286.9,11.01
130,MT,2003,70048.0,188981.0,100455.0,157136.0,0.0,2581.8,10.79
131,NC,2003,227387.0,771618.0,188855.0,900018.0,426332.0,20310.3,12.29
132,ND,2003,56088.0,420832.0,24205.0,121722.0,0.0,2104.2,7.39
133,NE,2003,119741.0,227290.0,45556.0,229099.0,83344.0,4745.3,10.8
134,NH,2003,56415.0,41633.0,29851.0,200220.0,96677.0,3457.3,14.15
135,NJ,2003,635689.0,106857.0,26805.0,1146359.0,309629.0,21977.0,12.17
136,NM,2003,225220.0,305641.0,8743.0,248457.0,0.0,4456.7,11.93
137,NV,2003,191050.0,182553.0,37158.0,239284.0,0.0,5811.1,13.88
138,NY,2003,1131344.0,286179.0,359374.0,1760002.0,423959.0,43362.8,14.44
139,OH,2003,877891.0,1443498.0,63646.0,1303901.0,88327.0,31148.7,11.49
140,OK,2003,556306.0,393790.0,42001.0,545461.0,0.0,10175.5,10.89
141,OR,2003,215102.0,44884.0,386713.0,358058.0,0.0,7962.9,11.97
142,PA,2003,717461.0,1461986.0,110613.0,1446911.0,774989.0,32032.2,11.81
143,RI,2003,80339.0,101.0,3827.0,102986.0,0.0,2400.1,14.28
144,SC,2003,151904.0,419663.0,103801.0,495840.0,525453.0,11025.0,11.1
145,SD,2003,43868.0,43017.0,57222.0,112417.0,0.0,2085.8,11.17
146,TN,2003,265806.0,621425.0,184237.0,755961.0,251718.0,15251.3,10.63
147,TX,2003,4177143.0,1603971.0,117593.0,5978967.0,348485.0,83176.3,9.76
148,UT,2003,163527.0,379185.0,10520.0,276298.0,0.0,4782.8,10.19
149,VA,2003,272055.0,464353.0,110936.0,934350.0,258633.0,17915.2,11.27
150,VT,2003,8441.0,25.0,24055.0,87073.0,46317.0,1681.6,14.66
151,WA,2003,255839.0,118207.0,834753.0,723154.0,79360.0,13364.5,11.5
152,WI,2003,397869.0,488239.0,118300.0,579881.0,127310.0,14266.3,11.32
153,WV,2003,135367.0,978415.0,21237.0,211544.0,0.0,4669.7,9.68
154,WY,2003,120433.0,493897.0,11638.0,159203.0,0.0,2483.4,8.8
155,US,2003,22822564.0,22322634.0,5944059.0,38713457.0,7959622.0,755070.3,11.44
156,AK,2004,407944.0,14075.0,18876.0,334121.0,0.0,4148.2,11.07
157,AL,2004,391927.0,853917.0,293280.0,609981.0,329898.0,15099.3,11.27
158,AR,2004,217921.0,270210.0,112971.0,361081.0,161111.0,8491.9,11.96
159,AZ,2004,356264.0,425413.0,82473.0,558357.0,293158.0,13848.2,15.36
160,CA,2004,2462247.0,68909.0,768889.0,3670782.0,315634.0,89950.2,15.17
161,CO,2004,440720.0,390186.0,29099.0,490984.0,0.0,11807.9,12.48
162,CT,2004,165862.0,43997.0,42965.0,451366.0,172470.0,10599.9,15.94
163,DC,2004,33097.0,741.0,943.0,30534.0,0.0,1714.9,16.74
164,DE,2004,49722.0,53599.0,1436.0,127465.0,0.0,2439.8,14.01
165,FL,2004,757672.0,699055.0,179495.0,2095087.0,325516.0,41130.8,15.21
166,GA,2004,406436.0,834991.0,226761.0,1079645.0,351921.0,25535.2,12.42
167,HI,2004,155.0,17913.0,13786.0,282864.0,0.0,4024.6,17.73
168,IA,2004,198017.0,443221.0,111271.0,414787.0,51399.0,10009.4,11.9
169,ID,2004,78273.0,12336.0,112080.0,156496.0,0.0,3740.4,11.68
170,IL,2004,955972.0,1069538.0,126588.0,1285139.0,959869.0,33593.6,12.47
171,IN,2004,526391.0,1614210.0,58085.0,865025.0,0.0,20730.1,10.19
172,KS,2004,260117.0,385498.0,19571.0,412120.0,105664.0,8795.6,12.56
173,KY,2004,233361.0,961759.0,71188.0,703989.0,0.0,13524.0,11.08
174,LA,2004,1393140.0,256716.0,189772.0,2065896.0,178110.0,28745.7,10.12
175,MA,2004,383625.0,105075.0,51781.0,736401.0,61928.0,17815.8,16.33
176,MD,2004,201801.0,327239.0,53460.0,590242.0,152043.0,14113.4,13.87
177,ME,2004,89581.0,7336.0,136776.0,260353.0,0.0,4655.4,12.55
178,MI,2004,938628.0,773825.0,118153.0,979694.0,318700.0,26772.5,12.14
179,MN,2004,362346.0,378775.0,114862.0,688025.0,138645.0,15167.2,12.14
180,MO,2004,268289.0,807466.0,44121.0,744126.0,81658.0,16239.4,12.71
181,MS,2004,290512.0,184992.0,61297.0,480422.0,106707.0,9494.9,12.56
182,MT,2004,68567.0,195620.0,101639.0,176136.0,0.0,3173.0,12.37
183,NC,2004,232214.0,782692.0,147627.0,930984.0,418065.0,23221.1,13.92
184,ND,2004,56410.0,398381.0,24137.0,133016.0,0.0,2537.8,8.77
185,NE,2004,116006.0,223624.0,52142.0,233553.0,106796.0,5404.9,12.21
186,NH,2004,63829.0,43446.0,34926.0,205481.0,106132.0,3948.8,15.58
187,NJ,2004,644467.0,112707.0,27603.0,1164799.0,282407.0,26164.3,14.31
188,NM,2004,229164.0,309418.0,11714.0,255866.0,0.0,5203.6,13.56
189,NV,2004,221648.0,193634.0,38001.0,260161.0,0.0,7056.0,15.68
190,NY,2004,1126597.0,276470.0,383432.0,1823746.0,423797.0,48172.5,15.67
191,OH,2004,862397.0,1391290.0,66807.0,1303260.0,166328.0,34592.2,12.84
192,OK,2004,555273.0,372093.0,62153.0,526834.0,0.0,11306.6,12.33
193,OR,2004,238049.0,36460.0,387006.0,368456.0,0.0,9090.6,13.21
194,PA,2004,723189.0,1474310.0,118023.0,1475233.0,807739.0,35785.3,13.13
195,RI,2004,74352.0,76.0,4535.0,98408.0,0.0,2637.9,16.01
196,SC,2004,169518.0,433868.0,97441.0,569746.0,533920.0,13170.8,12.4
197,SD,2004,41757.0,43562.0,60251.0,113059.0,0.0,2355.8,12.8
198,TN,2004,238761.0,648005.0,179906.0,765424.0,298369.0,17442.0,12.17
199,TX,2004,4039787.0,1626029.0,123497.0,6161669.0,421660.0,98235.3,11.41
200,UT,2004,164154.0,399704.0,10715.0,277475.0,0.0,5653.1,11.39
201,VA,2004,285607.0,452557.0,117963.0,995785.0,295272.0,21026.2,12.67
202,VT,2004,8708.0,25.0,22042.0,95317.0,40231.0,1988.3,15.96
203,WA,2004,269572.0,112539.0,819551.0,749526.0,93660.0,15460.0,13.06
204,WI,2004,385999.0,499212.0,108704.0,606012.0,123966.0,16025.9,12.75
205,WV,2004,129358.0,937062.0,20765.0,230361.0,0.0,5385.5,10.85
206,WY,2004,111878.0,500526.0,14039.0,153076.0,0.0,2859.7,10.31
207,US,2004,22927283.0,22464302.0,6074599.0,40148362.0,8222774.0,871210.2,12.9
208,AK,2005,434704.0,13994.0,15930.0,333091.0,0.0,5215.8,13.99
209,AL,2005,363398.0,890098.0,279983.0,606840.0,330761.0,18088.3,13.56
210,AR,2005,216600.0,247169.0,112738.0,358312.0,142864.0,10416.1,14.46
211,AZ,2005,329302.0,428445.0,92285.0,573763.0,269327.0,16665.8,17.87
212,CA,2005,2304463.0,67422.0,819440.0,3741092.0,377313.0,103574.2,17.46
213,CO,2005,478520.0,386670.0,35558.0,489645.0,0.0,14654.8,15.15
214,CT,2005,171150.0,42023.0,29171.0,443947.0,162406.0,12423.7,19.62
215,DC,2005,33753.0,939.0,263.0,28656.0,0.0,2013.0,20.08
216,DE,2005,48639.0,56716.0,1886.0,135389.0,0.0,2937.2,16.48
217,FL,2005,805446.0,672309.0,187675.0,2130793.0,300127.0,49999.0,17.97
218,GA,2005,427825.0,901010.0,218423.0,1120350.0,329092.0,32370.7,15.29
219,HI,2005,195.0,16506.0,14186.0,293847.0,0.0,4996.9,21.39
220,IA,2005,210742.0,429777.0,124866.0,428465.0,47362.0,12256.1,14.3
221,ID,2005,78118.0,11286.0,122267.0,159726.0,0.0,4531.4,13.65
222,IL,2005,972710.0,1047532.0,109784.0,1403414.0,973293.0,41443.4,14.75
223,IN,2005,535512.0,1594399.0,63826.0,859731.0,0.0,25074.3,12.6
224,KS,2005,258695.0,379823.0,22986.0,341906.0,92055.0,9303.3,14.9
225,KY,2005,240853.0,986263.0,74724.0,697645.0,0.0,16633.5,13.57
226,LA,2005,1367497.0,253518.0,151854.0,1975571.0,163598.0,35459.1,13.13
227,MA,2005,386339.0,119333.0,46953.0,737337.0,57138.0,21568.6,19.51
228,MD,2005,211830.0,329304.0,48562.0,603981.0,153443.0,17428.9,16.83
229,ME,2005,64818.0,7059.0,160078.0,263938.0,0.0,5619.3,14.89
230,MI,2005,927535.0,799463.0,130906.0,978894.0,343048.0,32127.3,14.53
231,MN,2005,372082.0,379114.0,123801.0,700917.0,133948.0,18259.1,14.45
232,MO,2005,273386.0,835663.0,54637.0,741961.0,83807.0,19679.0,15.12
233,MS,2005,310713.0,176286.0,62951.0,455899.0,105172.0,11395.5,15.37
234,MT,2005,71089.0,199495.0,114898.0,182921.0,0.0,4036.5,14.89
235,NC,2005,237525.0,811939.0,147480.0,947056.0,417249.0,27966.3,16.51
236,ND,2005,49643.0,431133.0,22847.0,136531.0,0.0,3123.2,10.5
237,NE,2005,120125.0,228667.0,51713.0,228762.0,91856.0,6448.0,14.69
238,NH,2005,72934.0,44169.0,42485.0,190420.0,98682.0,4602.9,18.46
239,NJ,2005,625429.0,125332.0,29321.0,1225835.0,327604.0,30945.9,16.31
240,NM,2005,225352.0,317916.0,23591.0,254624.0,0.0,6403.3,16.54
241,NV,2005,236007.0,197799.0,38191.0,275627.0,0.0,8493.0,18.01
242,NY,2005,1107206.0,256879.0,374254.0,1807239.0,442937.0,56292.0,19.01
243,OH,2005,860874.0,1481045.0,73750.0,1280172.0,154481.0,41386.2,15.39
244,OK,2005,600011.0,397379.0,65251.0,557797.0,0.0,14247.8,14.83
245,OR,2005,239539.0,35624.0,368234.0,374572.0,0.0,10720.1,15.26
246,PA,2005,719117.0,1490836.0,109625.0,1498536.0,796157.0,42406.8,15.66
247,RI,2005,82460.0,76.0,1923.0,97180.0,0.0,3098.9,19.02
248,SC,2005,178308.0,431086.0,105466.0,547413.0,554544.0,15556.8,14.93
249,SD,2005,42848.0,36952.0,61504.0,118214.0,0.0,2910.6,15.18
250,TN,2005,238400.0,657711.0,174097.0,782703.0,290153.0,21504.0,14.65
251,TX,2005,3621139.0,1627863.0,140202.0,5987815.0,398994.0,118064.4,14.72
252,UT,2005,168770.0,405546.0,15773.0,287599.0,0.0,6980.2,13.73
253,VA,2005,311537.0,458452.0,132464.0,998762.0,291357.0,25908.1,14.98
254,VT,2005,8396.0,25.0,24499.0,90539.0,42491.0,2296.9,18.66
255,WA,2005,272167.0,112284.0,815363.0,768653.0,86016.0,18344.0,14.99
256,WI,2005,415583.0,522521.0,145127.0,596603.0,103535.0,19225.8,15.08
257,WV,2005,124984.0,959657.0,28742.0,231304.0,0.0,6390.2,13.24
258,WY,2005,112863.0,490940.0,19291.0,155289.0,0.0,3610.7,12.94
259,US,2005,22567132.0,22793450.0,6231821.0,40227276.0,8160810.0,1045730.4,15.57
260,AK,2006,375719.0,14981.0,13481.0,342272.0,0.0,6118.4,16.61
261,AL,2006,402044.0,886678.0,266931.0,611265.0,332992.0,20165.3,14.96
262,AR,2006,240885.0,256907.0,100633.0,358679.0,158952.0,11450.5,15.78
263,AZ,2006,365230.0,431985.0,95745.0,582623.0,250568.0,18868.5,19.7
264,CA,2006,2375929.0,67017.0,897576.0,3786528.0,333488.0,115739.4,19.4
265,CO,2006,458911.0,394348.0,42229.0,506709.0,0.0,16309.6,16.94
266,CT,2006,175870.0,45722.0,35689.0,391609.0,173111.0,13711.2,23.09
267,DC,2006,29775.0,0.0,619.0,22535.0,0.0,2161.3,24.03
268,DE,2006,44787.0,56625.0,3619.0,122657.0,0.0,3421.5,19.76
269,FL,2006,917468.0,696215.0,192085.0,2018975.0,327934.0,58757.6,20.75
270,GA,2006,433920.0,892732.0,210818.0,1089023.0,333981.0,34265.7,16.45
271,HI,2006,179.0,16102.0,15528.0,295474.0,0.0,5729.1,24.33
272,IA,2006,207162.0,435187.0,142841.0,435701.0,53171.0,13544.5,15.59
273,ID,2006,79041.0,8212.0,147673.0,165353.0,0.0,5076.3,15.07
274,IL,2006,896138.0,1045398.0,109454.0,1340467.0,982498.0,42631.0,15.91
275,IN,2006,499753.0,1587100.0,55594.0,860450.0,0.0,27080.2,13.91
276,KS,2006,269274.0,364212.0,28423.0,351672.0,97570.0,10508.3,16.19
277,KY,2006,217166.0,1023263.0,70058.0,699444.0,0.0,18136.5,15.0
278,LA,2006,1346690.0,265214.0,150707.0,2127341.0,174634.0,40601.0,14.25
279,MA,2006,378026.0,112173.0,62215.0,648398.0,60832.0,24313.7,23.41
280,MD,2006,189179.0,324657.0,59415.0,538678.0,144320.0,19403.3,20.02
281,ME,2006,67557.0,6618.0,152966.0,235253.0,0.0,6214.9,17.13
282,MI,2006,816993.0,773595.0,130017.0,926618.0,303305.0,34457.0,16.66
283,MN,2006,358198.0,370814.0,129807.0,680945.0,137569.0,19840.6,16.08
284,MO,2006,257924.0,829054.0,43545.0,736536.0,105567.0,21411.9,16.67
285,MS,2006,315909.0,190057.0,63632.0,469598.0,108718.0,13028.1,16.98
286,MT,2006,75135.0,194307.0,123334.0,194283.0,0.0,4684.0,16.38
287,NC,2006,230169.0,777871.0,139856.0,918121.0,417016.0,30080.3,18.16
288,ND,2006,50007.0,414838.0,25802.0,136542.0,0.0,3404.8,11.36
289,NE,2006,131424.0,227444.0,55259.0,228780.0,93943.0,7216.7,15.94
290,NH,2006,64644.0,44807.0,36022.0,167795.0,98067.0,4994.9,21.84
291,NJ,2006,566724.0,116093.0,47800.0,1175190.0,339846.0,34337.7,19.02
292,NM,2006,227661.0,316221.0,28385.0,268257.0,0.0,7181.5,18.35
293,NV,2006,257595.0,84225.0,41987.0,291217.0,0.0,9958.6,20.05
294,NY,2006,1120196.0,256345.0,401535.0,1556773.0,440606.0,58973.5,21.14
295,OH,2006,770872.0,1450797.0,77290.0,1289366.0,175798.0,44539.7,17.14
296,OK,2006,644381.0,384418.0,54844.0,583533.0,0.0,16329.9,16.46
297,OR,2006,229731.0,26895.0,438058.0,381213.0,0.0,12219.4,16.91
298,PA,2006,684695.0,1499292.0,119645.0,1430279.0,785731.0,46149.4,17.57
299,RI,2006,78517.0,49.0,5429.0,90465.0,0.0,3476.4,22.56
300,SC,2006,181895.0,432220.0,100539.0,551756.0,530071.0,16951.0,16.12
301,SD,2006,40861.0,39570.0,71514.0,116224.0,0.0,3188.0,16.84
302,TN,2006,230047.0,677174.0,151732.0,785896.0,257523.0,23803.8,16.38
303,TX,2006,3544789.0,1610301.0,193518.0,6086196.0,430593.0,136021.7,16.78
304,UT,2006,197894.0,382757.0,15066.0,310505.0,0.0,8294.6,15.88
305,VA,2006,283456.0,433606.0,133344.0,958756.0,287938.0,27851.1,16.63
306,VT,2006,8062.0,27.0,27854.0,88725.0,53287.0,2533.6,21.03
307,WA,2006,271034.0,69150.0,937172.0,795563.0,97341.0,21188.4,16.46
308,WI,2006,376559.0,462732.0,140855.0,589851.0,127657.0,20666.4,16.75
309,WV,2006,126316.0,958880.0,28884.0,236344.0,0.0,7044.4,14.39
310,WY,2006,112929.0,489325.0,19573.0,166896.0,0.0,4276.9,14.55
311,US,2006,22225318.0,22444214.0,6636591.0,39743329.0,8214626.0,1158820.6,17.4
312,AK,2007,372186.0,13662.0,14286.0,323089.0,0.0,6272.0,17.94
313,AL,2007,430649.0,888436.0,229491.0,601179.0,360036.0,21315.1,16.06
314,AR,2007,229610.0,275037.0,121766.0,359757.0,162434.0,12200.2,16.68
315,AZ,2007,401992.0,438524.0,97679.0,571417.0,280920.0,20137.4,20.87
316,CA,2007,2467545.0,66495.0,707404.0,3795097.0,375427.0,121101.0,20.15
317,CO,2007,512841.0,388586.0,50616.0,513431.0,0.0,17030.5,17.06
318,CT,2007,183604.0,39931.0,36171.0,377002.0,171874.0,15146.3,25.31
319,DC,2007,33856.0,502.0,741.0,21547.0,0.0,2371.5,24.57
320,DE,2007,49932.0,63839.0,4972.0,119810.0,0.0,3646.3,21.06
321,FL,2007,943845.0,720824.0,199921.0,1938437.0,307215.0,60500.0,21.67
322,GA,2007,455220.0,934773.0,205849.0,1052558.0,341364.0,35464.7,17.33
323,HI,2007,173.0,17107.0,16995.0,303540.0,0.0,6177.1,24.98
324,IA,2007,264166.0,465167.0,176851.0,420924.0,47398.0,14669.3,16.09
325,ID,2007,83904.0,10261.0,127411.0,162468.0,0.0,5437.1,15.91
326,IL,2007,968652.0,1091382.0,130912.0,1324077.0,1004100.0,47370.7,17.3
327,IN,2007,543800.0,1572084.0,67602.0,834645.0,0.0,28301.6,14.46
328,KS,2007,291695.0,396333.0,36181.0,402282.0,108762.0,12577.4,17.32
329,KY,2007,235876.0,1020709.0,65820.0,690076.0,0.0,19714.5,16.0
330,LA,2007,1430621.0,249800.0,151977.0,2130984.0,179127.0,43812.3,15.14
331,MA,2007,418907.0,120168.0,59616.0,647827.0,53701.0,25774.9,24.18
332,MD,2007,208439.0,327979.0,58135.0,531469.0,150551.0,21300.8,21.62
333,ME,2007,67227.0,6583.0,156513.0,233431.0,0.0,6964.6,18.83
334,MI,2007,814887.0,801178.0,140683.0,919768.0,330581.0,36088.5,17.57
335,MN,2007,395658.0,366208.0,153230.0,678958.0,137437.0,21749.6,17.12
336,MO,2007,277919.0,802879.0,62175.0,730638.0,98302.0,23240.1,17.8
337,MS,2007,374990.0,185063.0,64570.0,460954.0,98164.0,13387.8,17.35
338,MT,2007,75077.0,202480.0,119592.0,206442.0,0.0,5271.7,17.28
339,NC,2007,244475.0,827974.0,117419.0,920732.0,420029.0,32202.0,19.41
340,ND,2007,56842.0,420719.0,32353.0,139972.0,0.0,3958.3,12.75
341,NE,2007,153490.0,216872.0,64219.0,229195.0,115815.0,7956.6,16.73
342,NH,2007,64856.0,44899.0,38434.0,165020.0,112902.0,5338.4,23.25
343,NJ,2007,640236.0,111799.0,52951.0,1241757.0,335757.0,38007.3,19.67
344,NM,2007,239858.0,296067.0,32003.0,277635.0,0.0,7855.5,19.16
345,NV,2007,262547.0,82871.0,42138.0,285879.0,0.0,10538.9,21.28
346,NY,2007,1214349.0,258450.0,392381.0,1562784.0,445288.0,63250.7,21.98
347,OH,2007,835555.0,1463773.0,84298.0,1284301.0,165349.0,47612.3,17.77
348,OK,2007,677472.0,373217.0,82596.0,563473.0,0.0,17059.8,17.07
349,OR,2007,260240.0,45461.0,402132.0,374647.0,0.0,13149.4,18.21
350,PA,2007,780090.0,1491907.0,121913.0,1402752.0,811600.0,48798.9,18.34
351,RI,2007,90259.0,39.0,6398.0,87046.0,0.0,3558.0,22.96
352,SC,2007,182201.0,444046.0,97885.0,533797.0,558014.0,17708.3,17.2
353,SD,2007,54099.0,33256.0,69575.0,117482.0,0.0,3616.8,17.69
354,TN,2007,229520.0,672766.0,126960.0,773597.0,301038.0,25111.3,17.32
355,TX,2007,3626526.0,1609155.0,250482.0,5917140.0,429577.0,142017.3,17.79
356,UT,2007,231125.0,391386.0,14230.0,299418.0,0.0,8693.9,16.51
357,VA,2007,331018.0,458200.0,135794.0,958752.0,286019.0,29867.3,17.56
358,VT,2007,8874.0,34.0,19025.0,86757.0,49337.0,2723.7,22.9
359,WA,2007,279429.0,95737.0,894490.0,820408.0,85051.0,23030.5,17.71
360,WI,2007,403947.0,465083.0,142051.0,584630.0,135416.0,22363.5,17.95
361,WV,2007,124555.0,983259.0,26873.0,235366.0,0.0,7590.2,15.02
362,WY,2007,145985.0,494955.0,18963.0,169430.0,0.0,4489.6,14.95
363,US,2007,23670821.0,22747914.0,6522719.0,39383775.0,8458589.0,1233868.7,18.34
364,AK,2008,343938.0,14705.0,13126.0,278725.0,0.0,7549.4,23.91
365,AL,2008,414260.0,842826.0,237856.0,566323.0,407551.0,24410.3,19.22
366,AR,2008,238424.0,278849.0,126307.0,354937.0,148085.0,14387.8,19.96
367,AZ,2008,409966.0,458727.0,111984.0,542166.0,305726.0,22394.7,23.95
368,CA,2008,2472612.0,63050.0,680290.0,3553537.0,339506.0,134480.1,23.25
369,CO,2008,508491.0,385416.0,77341.0,486432.0,0.0,19560.4,19.81
370,CT,2008,169802.0,45188.0,36453.0,339919.0,161305.0,16223.9,29.1
371,DC,2008,32774.0,391.0,563.0,18444.0,0.0,2493.0,27.52
372,DE,2008,49749.0,60891.0,5787.0,112725.0,0.0,4129.6,24.35
373,FL,2008,970038.0,693161.0,242563.0,1717483.0,335857.0,67432.2,25.21
374,GA,2008,436093.0,885849.0,198357.0,946224.0,331235.0,40523.7,21.01
375,HI,2008,148.0,18095.0,19327.0,239055.0,0.0,6828.5,35.87
376,IA,2008,297357.0,485218.0,213180.0,423828.0,55210.0,17242.1,18.05
377,ID,2008,90550.0,8604.0,132857.0,152495.0,0.0,6097.9,18.09
378,IL,2008,1003219.0,1103163.0,160653.0,1274262.0,994526.0,54789.7,19.87
379,IN,2008,555489.0,1558078.0,99311.0,778521.0,0.0,32469.4,17.08
380,KS,2008,292523.0,371804.0,58223.0,349719.0,88812.0,13469.9,19.85
381,KY,2008,233165.0,1024816.0,71481.0,645708.0,0.0,22712.4,19.07
382,LA,2008,1369823.0,262470.0,114723.0,2193330.0,160658.0,57869.7,19.87
383,MA,2008,415247.0,106897.0,60558.0,621929.0,61339.0,29228.1,27.38
384,MD,2008,202744.0,309294.0,60163.0,507179.0,153422.0,24170.5,25.32
385,ME,2008,74494.0,5908.0,186763.0,201971.0,0.0,7599.0,20.35
386,MI,2008,797534.0,799969.0,158418.0,836361.0,329075.0,39005.0,19.53
387,MN,2008,435086.0,359359.0,179586.0,643535.0,135843.0,24656.6,19.06
388,MO,2008,298421.0,792918.0,84232.0,675205.0,98025.0,25757.2,20.36
389,MS,2008,364237.0,177166.0,50436.0,422379.0,98215.0,15499.9,21.34
390,MT,2008,77645.0,203260.0,125437.0,192417.0,0.0,6049.7,20.47
391,NC,2008,249654.0,794693.0,167201.0,883566.0,415742.0,37076.4,22.11
392,ND,2008,60480.0,424615.0,43508.0,137092.0,0.0,4677.4,14.99
393,NE,2008,172858.0,234654.0,84810.0,219571.0,99075.0,9103.0,18.65
394,NH,2008,74025.0,40241.0,43631.0,160994.0,97729.0,6041.2,26.66
395,NJ,2008,634694.0,97671.0,50637.0,1216492.0,336500.0,44711.1,23.61
396,NM,2008,252831.0,284346.0,36694.0,241949.0,0.0,8485.7,22.56
397,NV,2008,274915.0,88619.0,44483.0,259144.0,0.0,11117.3,23.67
398,NY,2008,1205137.0,228985.0,428750.0,1480358.0,451622.0,71673.5,25.29
399,OH,2008,823457.0,1438432.0,116287.0,1232449.0,183055.0,53732.5,20.36
400,OK,2008,711379.0,391688.0,87945.0,540101.0,0.0,20580.9,20.39
401,OR,2008,274659.0,41408.0,418899.0,356012.0,0.0,14780.8,20.88
402,PA,2008,778251.0,1421091.0,147224.0,1380331.0,822134.0,56585.9,21.41
403,RI,2008,91220.0,0.0,6306.0,89555.0,0.0,4124.9,26.42
404,SC,2008,175858.0,445454.0,106872.0,502602.0,541026.0,20631.3,20.56
405,SD,2008,65453.0,43098.0,82021.0,112732.0,0.0,4223.3,19.66
406,TN,2008,238441.0,643796.0,150056.0,714765.0,282514.0,29078.0,20.63
407,TX,2008,3653462.0,1605925.0,351072.0,5245208.0,425682.0,161247.2,21.71
408,UT,2008,237414.0,395878.0,17793.0,279173.0,0.0,9741.4,18.7
409,VA,2008,310647.0,415102.0,140866.0,870324.0,291932.0,34088.7,21.18
410,VT,2008,8665.0,0.0,28824.0,77454.0,51163.0,2990.1,27.01
411,WA,2008,307085.0,94601.0,898118.0,766791.0,96886.0,26365.0,20.61
412,WI,2008,415109.0,480712.0,160022.0,558483.0,127039.0,25079.5,20.14
413,WV,2008,119617.0,955628.0,33587.0,221682.0,0.0,8672.2,17.64
414,WY,2008,147129.0,500109.0,22477.0,169975.0,0.0,5456.1,17.86
415,US,2008,23836273.0,22382816.0,7174060.0,36791612.0,8426491.0,1408759.3,21.53
416,AK,2009,343971.0,14505.0,15912.0,264885.0,0.0,5487.2,18.22
417,AL,2009,466272.0,630969.0,274392.0,517082.0,415392.0,18497.3,16.55
418,AR,2009,248100.0,264083.0,130887.0,335123.0,158663.0,10567.4,15.64
419,AZ,2009,377504.0,413260.0,96257.0,497660.0,320692.0,17469.9,20.14
420,CA,2009,2391374.0,52403.0,725594.0,3405446.0,332218.0,104556.9,18.68
421,CO,2009,525999.0,350224.0,78297.0,465666.0,0.0,14673.9,15.52
422,CT,2009,188570.0,26265.0,41664.0,338792.0,174220.0,13357.5,23.65
423,DC,2009,34339.0,331.0,619.0,22477.0,0.0,2342.6,24.38
424,DE,2009,51651.0,33938.0,6637.0,85876.0,0.0,3563.7,21.23
425,FL,2009,1081725.0,581517.0,272931.0,1576612.0,304544.0,54481.6,21.32
426,GA,2009,475240.0,723449.0,220565.0,991848.0,331368.0,32128.5,16.7
427,HI,2009,167.0,17083.0,19688.0,238955.0,0.0,4804.8,25.21
428,IA,2009,283990.0,444574.0,289408.0,416419.0,48937.0,13397.1,14.31
429,ID,2009,87072.0,8443.0,136273.0,144545.0,0.0,4922.9,15.56
430,IL,2009,956553.0,1014972.0,186174.0,1196579.0,998562.0,40662.2,15.78
431,IN,2009,511289.0,1365413.0,118682.0,747721.0,0.0,24606.7,14.04
432,KS,2009,292425.0,356079.0,66668.0,346515.0,91710.0,10310.0,15.67
433,KY,2009,214261.0,937106.0,85039.0,640072.0,0.0,17505.7,15.28
434,LA,2009,1315265.0,252519.0,119238.0,2043025.0,175524.0,34713.8,12.79
435,MA,2009,408509.0,92056.0,69061.0,571126.0,56437.0,22716.6,22.08
436,MD,2009,203604.0,266860.0,66644.0,508121.0,152180.0,20138.6,21.11
437,ME,2009,73569.0,1652.0,153514.0,202702.0,0.0,5760.9,17.48
438,MI,2009,750783.0,735907.0,149749.0,803633.0,228540.0,31281.9,16.8
439,MN,2009,405516.0,328678.0,203854.0,593753.0,129623.0,18439.1,15.38
440,MO,2009,266711.0,765617.0,92068.0,644431.0,107175.0,20033.9,16.69
441,MS,2009,371245.0,141675.0,56832.0,399195.0,115033.0,11558.1,16.83
442,MT,2009,76635.0,172812.0,116455.0,182297.0,0.0,4486.6,16.14
443,NC,2009,252729.0,678673.0,179898.0,798784.0,427226.0,28801.6,18.53
444,ND,2009,51921.0,423267.0,64260.0,127743.0,0.0,3410.7,11.34
445,NE,2009,165418.0,249593.0,86963.0,216104.0,98682.0,7189.6,14.88
446,NH,2009,62049.0,32844.0,49904.0,154095.0,92214.0,4905.1,22.09
447,NJ,2009,638324.0,59563.0,66283.0,1030179.0,359036.0,33094.0,19.11
448,NM,2009,247947.0,306162.0,33261.0,226557.0,0.0,6328.2,17.86
449,NV,2009,284007.0,83812.0,54225.0,237095.0,0.0,8896.2,20.01
450,NY,2009,1166614.0,155965.0,409737.0,1385849.0,454806.0,56046.9,20.73
451,OH,2009,770759.0,1267267.0,114671.0,1124661.0,159040.0,40806.2,16.99
452,OK,2009,681062.0,373271.0,92578.0,504395.0,0.0,14994.5,15.92
453,OR,2009,254837.0,33150.0,423040.0,348602.0,0.0,12037.0,17.58
454,PA,2009,839453.0,1223937.0,165867.0,1246075.0,808770.0,43376.3,18.13
455,RI,2009,94877.0,0.0,7418.0,91589.0,0.0,3436.5,21.52
456,SC,2009,197419.0,371981.0,121866.0,512746.0,545434.0,16347.2,16.76
457,SD,2009,66317.0,37480.0,106123.0,115110.0,0.0,3406.6,15.42
458,TN,2009,223019.0,477713.0,192435.0,655512.0,281996.0,22021.9,17.14
459,TX,2009,3481133.0,1497854.0,352946.0,5058739.0,434024.0,111233.0,15.75
460,UT,2009,223646.0,364994.0,20364.0,264282.0,0.0,7424.9,15.03
461,VA,2009,330369.0,334605.0,144884.0,810586.0,295072.0,26661.1,17.56
462,VT,2009,8679.0,0.0,34193.0,84448.0,56067.0,2552.1,21.15
463,WA,2009,319739.0,84048.0,853813.0,732582.0,69385.0,20982.3,16.78
464,WI,2009,392485.0,425941.0,153699.0,518538.0,132653.0,19382.5,16.7
465,WV,2009,118643.0,742922.0,50902.0,191464.0,0.0,6834.9,15.98
466,WY,2009,147220.0,473912.0,35036.0,163336.0,0.0,3935.8,13.64
467,US,2009,23421003.0,19691342.0,7607468.0,34779630.0,8355220.0,1066528.4,17.26
468,AK,2010,334978.0,14548.0,17148.0,272455.0,0.0,6320.1,20.56
469,AL,2010,544405.0,718684.0,266139.0,521156.0,396557.0,21629.4,17.8
470,AR,2010,274774.0,293689.0,138624.0,342608.0,157017.0,12309.0,16.87
471,AZ,2010,336208.0,457909.0,100835.0,549707.0,326102.0,20320.2,22.0
472,CA,2010,2325411.0,54972.0,836280.0,3248203.0,336562.0,116275.5,21.23
473,CO,2010,505628.0,382623.0,82338.0,483122.0,0.0,17068.6,17.54
474,CT,2010,203814.0,28711.0,43526.0,331959.0,175074.0,14328.9,25.6
475,DC,2010,33717.0,71.0,1118.0,24139.0,0.0,2487.1,25.71
476,DE,2010,56086.0,30253.0,7751.0,100897.0,0.0,3841.6,22.8
477,FL,2010,1180462.0,637416.0,289743.0,1715374.0,250178.0,60734.6,22.02
478,GA,2010,540943.0,767906.0,247287.0,1052237.0,350268.0,38095.8,18.31
479,HI,2010,161.0,17117.0,18177.0,262031.0,0.0,6199.8,29.12
480,IA,2010,278751.0,493794.0,335054.0,417223.0,46518.0,14727.2,15.37
481,ID,2010,85075.0,8527.0,132245.0,161121.0,0.0,5777.9,17.18
482,IL,2010,962240.0,1069037.0,216383.0,1204917.0,1005374.0,45198.7,17.25
483,IN,2010,577423.0,1449371.0,148291.0,719848.0,0.0,27360.1,15.0
484,KS,2010,280413.0,359908.0,75257.0,348037.0,99876.0,11614.9,17.58
485,KY,2010,239057.0,1009823.0,84515.0,644203.0,0.0,20414.9,17.22
486,LA,2010,1482948.0,259750.0,134463.0,1961488.0,194818.0,40658.6,14.82
487,MA,2010,447428.0,83850.0,75267.0,587698.0,61853.0,24780.2,23.25
488,MD,2010,217625.0,266067.0,71889.0,498084.0,146265.0,21737.2,22.7
489,ME,2010,80988.0,2279.0,163927.0,189831.0,0.0,6289.8,18.72
490,MI,2010,758696.0,749285.0,160224.0,814514.0,309636.0,34657.3,18.31
491,MN,2010,427186.0,315438.0,224987.0,589241.0,140873.0,20894.0,17.04
492,MO,2010,282123.0,801625.0,100761.0,645915.0,94027.0,23035.1,18.73
493,MS,2010,444875.0,148463.0,74760.0,379283.0,100791.0,12900.2,17.94
494,MT,2010,72888.0,203339.0,117221.0,171656.0,0.0,4766.1,18.25
495,NC,2010,308710.0,749091.0,189830.0,875156.0,425810.0,34287.7,20.16
496,ND,2010,64263.0,409684.0,84009.0,148277.0,0.0,4374.5,13.23
497,NE,2010,169608.0,254552.0,133695.0,243230.0,115540.0,8788.1,16.74
498,NH,2010,62612.0,33827.0,51207.0,148187.0,114032.0,5298.1,24.16
499,NJ,2010,671005.0,71961.0,74011.0,919715.0,342526.0,35475.6,21.66
500,NM,2010,246201.0,267474.0,39926.0,226019.0,0.0,7300.9,20.09
501,NV,2010,267808.0,80228.0,56443.0,282396.0,0.0,10209.8,20.87
502,NY,2010,1224484.0,167094.0,405824.0,1485219.0,437620.0,64479.5,22.78
503,OH,2010,810593.0,1355137.0,129218.0,1091310.0,165192.0,44137.3,18.11
504,OK,2010,697351.0,346047.0,108361.0,523822.0,0.0,16989.2,17.13
505,OR,2010,242914.0,42556.0,406526.0,342072.0,0.0,12707.1,19.1
506,PA,2010,909259.0,1310670.0,190969.0,1238775.0,813462.0,48687.8,19.61
507,RI,2010,95710.0,0.0,7178.0,88739.0,0.0,3688.3,23.62
508,SC,2010,225961.0,404966.0,134412.0,506026.0,543379.0,18970.9,18.55
509,SD,2010,72926.0,39061.0,128953.0,114364.0,0.0,3887.6,17.22
510,TN,2010,263365.0,515464.0,176941.0,681223.0,289930.0,25589.3,18.66
511,TX,2010,3689581.0,1568060.0,458187.0,5394188.0,432036.0,136163.2,17.39
512,UT,2010,229078.0,356148.0,22771.0,258718.0,0.0,8405.8,17.03
513,VA,2010,385768.0,346161.0,143772.0,844391.0,277729.0,30698.7,19.13
514,VT,2010,8501.0,0.0,34817.0,81464.0,49986.0,2795.8,23.67
515,WA,2010,294871.0,94934.0,839885.0,691874.0,96588.0,22299.5,18.42
516,WI,2010,376627.0,458442.0,186264.0,528503.0,138812.0,21680.1,18.46
517,WV,2010,121780.0,848129.0,52218.0,203955.0,0.0,8182.2,17.43
518,WY,2010,154759.0,484239.0,45955.0,166451.0,0.0,4599.5,15.37
519,US,2010,24568039.0,20828382.0,8265583.0,35321018.0,8434433.0,1214277.5,18.92
520,AK,2011,339819.0,15481.0,16702.0,268848.0,0.0,7829.0,25.22
521,AL,2011,609288.0,651032.0,279972.0,521337.0,411822.0,24444.2,20.06
522,AR,2011,288906.0,306119.0,135133.0,337961.0,148531.0,14194.2,19.59
523,AZ,2011,293134.0,459909.0,129110.0,552991.0,327292.0,23656.7,25.23
524,CA,2011,2196252.0,55264.0,953565.0,3174345.0,383644.0,133412.9,24.55
525,CO,2011,477208.0,368871.0,107753.0,463660.0,0.0,19453.3,21.32
526,CT,2011,236016.0,6081.0,43360.0,317397.0,166669.0,15619.4,28.16
527,DC,2011,33389.0,48.0,1296.0,22226.0,0.0,2443.3,26.61
528,DE,2011,81710.0,17881.0,7844.0,114686.0,0.0,4279.0,25.1
529,FL,2011,1235953.0,552730.0,288638.0,1610356.0,230369.0,68671.7,25.46
530,GA,2011,531596.0,634756.0,246831.0,1016118.0,338052.0,43577.6,21.62
531,HI,2011,158.0,16080.0,20402.0,266019.0,0.0,8067.9,37.15
532,IA,2011,277576.0,463138.0,353478.0,415548.0,54572.0,16995.8,17.8
533,ID,2011,83947.0,7846.0,177760.0,157999.0,0.0,6709.9,19.72
534,IL,2011,986310.0,1052224.0,233916.0,1182982.0,1002694.0,50813.4,19.4
535,IN,2011,635117.0,1333442.0,156049.0,710963.0,0.0,32160.5,17.82
536,KS,2011,285318.0,346521.0,81476.0,328517.0,76585.0,13203.6,20.36
537,KY,2011,229048.0,1010623.0,90457.0,630806.0,0.0,23866.3,20.62
538,LA,2011,1535704.0,269993.0,135127.0,1949628.0,173859.0,47663.9,17.49
539,MA,2011,464018.0,42963.0,77232.0,574191.0,53212.0,27798.4,26.14
540,MD,2011,199132.0,241190.0,80305.0,480594.0,150655.0,23551.0,25.42
541,ME,2011,75061.0,1542.0,166773.0,188435.0,0.0,7396.4,21.87
542,MI,2011,787337.0,691150.0,176632.0,796407.0,344155.0,39718.4,20.73
543,MN,2011,424958.0,315604.0,241621.0,580208.0,125134.0,24229.7,19.84
544,MO,2011,275308.0,825650.0,96371.0,623832.0,98062.0,26512.2,22.26
545,MS,2011,437873.0,107546.0,75576.0,369063.0,108164.0,14547.9,20.73
546,MT,2011,79470.0,165687.0,143494.0,177760.0,0.0,5749.1,21.79
547,NC,2011,311189.0,624783.0,188541.0,830733.0,424073.0,37825.0,23.29
548,ND,2011,72247.0,394771.0,102733.0,184822.0,0.0,6399.3,17.13
549,NE,2011,173657.0,285384.0,144549.0,231425.0,72549.0,10040.9,19.33
550,NH,2011,72778.0,24489.0,52027.0,147637.0,87508.0,6166.4,27.72
551,NJ,2011,677521.0,49592.0,74190.0,931578.0,351658.0,39814.7,24.33
552,NM,2011,251838.0,284737.0,43298.0,232633.0,0.0,8906.6,23.81
553,NV,2011,255970.0,62701.0,58036.0,267077.0,0.0,11085.8,23.35
554,NY,2011,1247757.0,125181.0,438840.0,1387352.0,446761.0,69658.9,25.3
555,OH,2011,848771.0,1222606.0,138111.0,1067554.0,155806.0,49386.1,20.43
556,OK,2011,676910.0,378320.0,114750.0,507576.0,0.0,19383.7,19.73
557,OR,2011,203607.0,35135.0,526732.0,331023.0,0.0,14791.9,22.12
558,PA,2011,1000507.0,1212984.0,215431.0,1208894.0,796798.0,55660.6,22.72
559,RI,2011,102465.0,0.0,6901.0,82254.0,0.0,3901.8,26.18
560,SC,2011,235465.0,366160.0,135879.0,485250.0,553573.0,21439.0,21.4
561,SD,2011,73973.0,32112.0,154349.0,112687.0,0.0,4613.5,20.45
562,TN,2011,267929.0,481127.0,191304.0,673366.0,281682.0,29718.9,22.05
563,TX,2011,3800578.0,1695239.0,524901.0,5393262.0,414881.0,162238.0,20.49
564,UT,2011,230672.0,346181.0,31282.0,276715.0,0.0,10545.2,20.29
565,VA,2011,383436.0,288348.0,136050.0,795625.0,267334.0,34392.7,22.3
566,VT,2011,8677.0,0.0,33019.0,79938.0,51351.0,3252.2,27.92
567,WA,2011,272261.0,56951.0,1080055.0,694946.0,50293.0,26723.0,21.48
568,WI,2011,399247.0,447370.0,186444.0,516508.0,120962.0,24669.1,20.91
569,WV,2011,124935.0,822645.0,53542.0,199665.0,0.0,9368.9,20.53
570,WY,2011,161776.0,467671.0,61810.0,168323.0,0.0,5577.8,18.2
571,US,2011,24953771.0,19663856.0,9209646.0,34639718.0,8268698.0,1392467.9,21.87
572,AK,2012,347228.0,15521.0,17831.0,250063.0,0.0,7577.2,25.58
573,AL,2012,677380.0,547004.0,265964.0,513993.0,427975.0,24117.9,19.86
574,AR,2012,300572.0,296732.0,125377.0,321213.0,162353.0,13724.9,19.84
575,AZ,2012,339043.0,420570.0,114315.0,538460.0,334636.0,23910.3,26.03
576,CA,2012,2456371.0,43832.0,818490.0,3079327.0,193939.0,134569.5,25.17
577,CO,2012,456471.0,370085.0,108351.0,458509.0,0.0,19424.3,21.84
578,CT,2012,236260.0,9290.0,38975.0,300595.0,178959.0,15196.5,28.63
579,DC,2012,29389.0,77.0,1077.0,19354.0,0.0,2208.0,25.43
580,DE,2012,104421.0,17384.0,7116.0,108981.0,0.0,4248.7,24.63
581,FL,2012,1348390.0,482984.0,287354.0,1549928.0,187259.0,67903.9,25.56
582,GA,2012,624338.0,435546.0,237974.0,956122.0,355674.0,41659.0,21.83
583,HI,2012,187.0,16572.0,21430.0,259024.0,0.0,8289.5,38.6
584,IA,2012,266283.0,422595.0,370566.0,392006.0,45552.0,16020.3,17.68
585,ID,2012,90339.0,5186.0,156600.0,153915.0,0.0,6796.0,20.28
586,IL,2012,939024.0,969294.0,242375.0,1140419.0,1010189.0,47680.2,19.19
587,IN,2012,654528.0,1193465.0,144690.0,683759.0,0.0,31977.9,18.14
588,KS,2012,268086.0,307585.0,90046.0,329269.0,86818.0,13106.6,20.98
589,KY,2012,232701.0,909705.0,80329.0,619187.0,0.0,22986.0,20.65
590,LA,2012,1585876.0,238811.0,130783.0,1806173.0,164092.0,39711.8,15.12
591,MA,2012,430920.0,24036.0,73171.0,536809.0,61402.0,26812.4,26.85
592,MD,2012,216558.0,192334.0,71341.0,470103.0,142297.0,22970.8,25.63
593,ME,2012,70451.0,1299.0,162608.0,170117.0,0.0,7086.6,21.88
594,MI,2012,804084.0,621633.0,179593.0,778608.0,293619.0,39184.0,21.33
595,MN,2012,430277.0,257875.0,246583.0,585141.0,125159.0,24004.4,20.07
596,MO,2012,258945.0,768297.0,84689.0,599722.0,112317.0,25775.7,22.6
597,MS,2012,499946.0,82456.0,88539.0,373429.0,76456.0,14529.5,20.56
598,MT,2012,75234.0,157308.0,127819.0,173248.0,0.0,5621.8,22.0
599,NC,2012,367948.0,534713.0,186574.0,802771.0,412722.0,37440.4,23.72
600,ND,2012,71873.0,406344.0,99508.0,199212.0,0.0,6966.4,17.98
601,NE,2012,161770.0,272587.0,132976.0,233031.0,60795.0,10170.8,19.9
602,NH,2012,74336.0,14191.0,50256.0,138269.0,85814.0,5986.5,28.38
603,NJ,2012,670827.0,25589.0,76886.0,884720.0,346962.0,37651.4,24.4
604,NM,2012,249815.0,263439.0,45164.0,233394.0,0.0,8994.9,24.19
605,NV,2012,281432.0,52850.0,63674.0,261495.0,0.0,11223.8,23.72
606,NY,2012,1260950.0,72914.0,399747.0,1341448.0,427277.0,67387.0,25.39
607,OH,2012,869556.0,1019140.0,143509.0,1045080.0,179055.0,48072.0,20.49
608,OK,2012,712411.0,327089.0,135556.0,522769.0,0.0,19605.4,20.19
609,OR,2012,220578.0,28259.0,507768.0,323741.0,0.0,14892.2,22.58
610,PA,2012,1079495.0,1093178.0,203830.0,1157559.0,787753.0,54045.0,22.76
611,RI,2012,98435.0,0.0,6003.0,78856.0,0.0,3828.2,26.58
612,SC,2012,250481.0,298572.0,138964.0,468285.0,535952.0,21123.7,21.83
613,SD,2012,71501.0,35574.0,140762.0,116746.0,0.0,4768.5,21.03
614,TN,2012,281007.0,423086.0,181037.0,646741.0,263045.0,28637.0,22.26
615,TX,2012,3964124.0,1498818.0,533395.0,5504726.0,402823.0,152502.0,19.16
616,UT,2012,232630.0,322055.0,28026.0,269396.0,0.0,10614.0,21.15
617,VA,2012,424000.0,222270.0,134372.0,796113.0,300992.0,34741.6,22.73
618,VT,2012,8287.0,0.0,28836.0,75387.0,52283.0,3212.9,29.07
619,WA,2012,271947.0,42656.0,1036980.0,697816.0,97808.0,26878.0,21.77
620,WI,2012,410305.0,373281.0,178205.0,501822.0,149845.0,24202.0,21.34
621,WV,2012,140133.0,756716.0,51398.0,194403.0,0.0,9173.2,21.19
622,WY,2012,158546.0,490128.0,55484.0,172121.0,0.0,5789.2,18.68
623,US,2012,26075691.0,17380923.0,8852895.0,33833375.0,8061822.0,1355174.7,21.84
624,AK,2013,332631.0,14819.0,18931.0,230765.0,0.0,6957.4,25.11
625,AL,2013,625869.0,565051.0,336863.0,492294.0,426488.0,23972.2,18.89
626,AR,2013,288045.0,327099.0,132370.0,321254.0,124816.0,14004.7,19.3
627,AZ,2013,340375.0,454865.0,119753.0,543380.0,328423.0,23907.4,25.7
628,CA,2013,2480792.0,38151.0,897358.0,3096230.0,187162.0,135749.7,25.15
629,CO,2013,480875.0,363532.0,122946.0,464287.0,0.0,19887.4,21.18
630,CT,2013,240102.0,7679.0,42952.0,307661.0,178465.0,15331.2,27.79
631,DC,2013,33725.0,4.0,1179.0,18790.0,0.0,2218.3,24.71
632,DE,2013,100682.0,18254.0,7619.0,101393.0,0.0,3975.1,24.05
633,FL,2013,1245287.0,505155.0,301827.0,1588920.0,277169.0,67935.3,25.11
634,GA,2013,634635.0,426184.0,284011.0,975666.0,343801.0,42706.8,21.46
635,HI,2013,197.0,15306.0,25989.0,260346.0,0.0,8214.8,37.07
636,IA,2013,306419.0,402402.0,389728.0,415110.0,55597.0,16792.6,17.22
637,ID,2013,107089.0,7965.0,140544.0,157372.0,0.0,7068.8,20.24
638,IL,2013,1063511.0,1026925.0,268752.0,1169110.0,1014926.0,48730.1,18.37
639,IN,2013,680051.0,1198611.0,157896.0,721544.0,0.0,33172.4,17.97
640,KS,2013,288274.0,326817.0,132989.0,338696.0,74902.0,13785.4,21.15
641,KY,2013,235703.0,914774.0,96473.0,582930.0,0.0,22728.8,20.8
642,LA,2013,1504969.0,228055.0,151598.0,1762715.0,177156.0,39313.3,15.27
643,MA,2013,435312.0,42208.0,82560.0,564699.0,45251.0,28062.5,26.49
644,MD,2013,206126.0,183191.0,78496.0,478356.0,149048.0,23324.0,25.35
645,ME,2013,65886.0,1657.0,168347.0,182365.0,0.0,7432.1,21.71
646,MI,2013,831741.0,658172.0,208916.0,831484.0,302194.0,40772.0,20.31
647,MN,2013,478611.0,267695.0,245622.0,600937.0,111885.0,25168.8,19.74
648,MO,2013,281399.0,806549.0,97726.0,601720.0,87428.0,26500.5,22.31
649,MS,2013,426902.0,97767.0,76908.0,364610.0,113523.0,14601.2,21.12
650,MT,2013,82298.0,166104.0,118144.0,172419.0,0.0,5622.4,22.06
651,NC,2013,445018.0,493771.0,228352.0,812705.0,420486.0,38054.4,23.37
652,ND,2013,82334.0,393193.0,98237.0,222215.0,0.0,7657.3,18.31
653,NE,2013,179617.0,292956.0,138417.0,231611.0,71736.0,10319.4,19.34
654,NH,2013,55649.0,16778.0,59059.0,144512.0,114173.0,6144.5,27.68
655,NJ,2013,711999.0,25910.0,86152.0,878077.0,348784.0,37567.0,23.84
656,NM,2013,252867.0,256377.0,46411.0,232460.0,0.0,9071.8,23.62
657,NV,2013,282245.0,64838.0,74096.0,268244.0,0.0,11296.3,22.81
658,NY,2013,1315282.0,68707.0,418075.0,1330482.0,467651.0,68137.6,24.72
659,OH,2013,945731.0,1104486.0,160117.0,1053987.0,168451.0,48589.3,19.88
660,OK,2013,682277.0,335925.0,178059.0,506028.0,0.0,19298.8,19.73
661,OR,2013,244265.0,38900.0,472016.0,322313.0,0.0,14841.0,22.04
662,PA,2013,1175535.0,1126118.0,235207.0,1181000.0,822483.0,54600.0,21.53
663,RI,2013,88274.0,0.0,6106.0,82166.0,0.0,3991.6,26.23
664,SC,2013,236942.0,257319.0,156589.0,480197.0,566879.0,21813.3,21.96
665,SD,2013,84527.0,34246.0,128968.0,112656.0,0.0,4768.0,20.24
666,TN,2013,284750.0,399768.0,226381.0,655891.0,297732.0,28975.3,21.64
667,TX,2013,4131225.0,1597357.0,584228.0,5828991.0,400353.0,158435.4,18.99
668,UT,2013,258661.0,355230.0,25011.0,271571.0,0.0,10936.6,20.66
669,VA,2013,433438.0,290508.0,152518.0,793774.0,306430.0,34734.0,22.12
670,VT,2013,9743.0,0.0,36145.0,78655.0,50639.0,3313.2,28.28
671,WA,2013,327840.0,74955.0,942926.0,698425.0,88408.0,26479.2,21.53
672,WI,2013,454050.0,454554.0,188808.0,510487.0,121994.0,24877.7,20.27
673,WV,2013,152880.0,771188.0,61073.0,195225.0,0.0,9175.9,20.63
674,WY,2013,156110.0,520699.0,54820.0,161686.0,0.0,5545.8,18.42
675,US,2013,26788768.0,18038771.0,9464268.0,34398415.0,8244433.0,1376402.2,21.42
676,AK,2014,329274.0,18225.0,22760.0,226102.0,0.0,6875.7,24.95
677,AL,2014,650570.0,575912.0,293890.0,490328.0,431368.0,24079.7,18.62
678,AR,2014,273009.0,339214.0,131625.0,325319.0,151428.0,13916.4,18.86
679,AZ,2014,315916.0,447849.0,139836.0,543552.0,338044.0,23613.1,25.51
680,CA,2014,2409574.0,39486.0,903692.0,3083503.0,177656.0,136011.3,25.65
681,CO,2014,497182.0,350526.0,131177.0,480827.0,0.0,20433.4,21.33
682,CT,2014,242227.0,9097.0,45472.0,308514.0,165677.0,15590.1,27.96
683,DC,2014,35302.0,48.0,1313.0,20118.0,0.0,2325.7,24.92
684,DE,2014,107051.0,10238.0,8064.0,103067.0,0.0,3994.0,23.68
685,FL,2014,1241250.0,557882.0,298010.0,1613839.0,291474.0,68555.7,24.99
686,GA,2014,664808.0,482657.0,297134.0,948453.0,340652.0,42586.0,21.14
687,HI,2014,167.0,17241.0,27996.0,250169.0,0.0,7769.9,36.24
688,IA,2014,311352.0,401151.0,406807.0,424219.0,43431.0,17467.7,17.64
689,ID,2014,93610.0,7472.0,155787.0,162438.0,0.0,7145.6,20.64
690,IL,2014,1108134.0,1017855.0,278073.0,1197140.0,1023496.0,51697.8,18.88
691,IN,2014,723942.0,1221492.0,162947.0,734901.0,0.0,33963.9,18.05
692,KS,2014,291483.0,316572.0,151818.0,356192.0,89512.0,14500.1,21.21
693,KY,2014,262278.0,913452.0,96645.0,580146.0,0.0,22224.6,20.43
694,LA,2014,1547176.0,209973.0,173371.0,1698933.0,181059.0,39452.9,15.12
695,MA,2014,432523.0,29871.0,87252.0,563978.0,60340.0,28161.3,26.51
696,MD,2014,217227.0,201220.0,77492.0,484711.0,150017.0,23493.6,25.12
697,ME,2014,62423.0,2142.0,164138.0,185791.0,0.0,7571.3,22.72
698,MI,2014,878128.0,618479.0,221483.0,847600.0,326800.0,40786.7,19.84
699,MN,2014,490111.0,313073.0,273992.0,602446.0,132904.0,25728.0,19.6
700,MO,2014,301368.0,780707.0,98934.0,614721.0,97021.0,26626.3,21.72
701,MS,2014,439557.0,116537.0,78055.0,367502.0,107228.0,14935.6,20.97
702,MT,2014,80063.0,175357.0,137730.0,168456.0,0.0,5575.7,21.86
703,NC,2014,462289.0,501592.0,209090.0,834289.0,428474.0,38436.3,23.11
704,ND,2014,89095.0,399195.0,111219.0,236320.0,0.0,8219.4,18.38
705,NE,2014,179705.0,276544.0,155904.0,234466.0,105655.0,10356.8,19.26
706,NH,2014,58785.0,14867.0,61731.0,155001.0,106350.0,6443.0,27.78
707,NJ,2014,805145.0,30731.0,91005.0,856154.0,329533.0,37180.0,23.14
708,NM,2014,256056.0,215348.0,48148.0,240408.0,0.0,9213.6,23.69
709,NV,2014,261902.0,79230.0,76197.0,275622.0,0.0,11516.3,23.17
710,NY,2014,1392378.0,64655.0,437667.0,1382080.0,450141.0,70093.4,24.49
711,OH,2014,1058802.0,1057377.0,163389.0,1062667.0,170319.0,50278.0,19.76
712,OK,2014,667360.0,336080.0,177919.0,535307.0,0.0,20395.4,19.92
713,OR,2014,226472.0,34238.0,495029.0,325766.0,0.0,14802.8,22.11
714,PA,2014,1304080.0,1039161.0,232509.0,1207164.0,823277.0,55800.9,21.29
715,RI,2014,91374.0,0.0,7902.0,86353.0,0.0,4218.1,26.58
716,SC,2014,236040.0,305656.0,158548.0,479576.0,548246.0,22132.2,21.91
717,SD,2014,83919.0,33062.0,140135.0,114520.0,0.0,4877.4,20.37
718,TN,2014,313887.0,427509.0,194804.0,672629.0,289401.0,29650.5,21.4
719,TX,2014,4060590.0,1585961.0,634054.0,5803534.0,410907.0,160438.6,18.84
720,UT,2014,251649.0,344054.0,29679.0,274435.0,0.0,10856.2,21.01
721,VA,2014,438697.0,278183.0,167411.0,830111.0,316081.0,35309.3,21.78
722,VT,2014,10853.0,0.0,35555.0,79824.0,52929.0,3305.1,27.7
723,WA,2014,320167.0,76547.0,957292.0,681853.0,99332.0,25674.1,21.17
724,WI,2014,479396.0,417096.0,195664.0,543179.0,98807.0,26491.1,20.66
725,WV,2014,180222.0,816460.0,57169.0,193011.0,0.0,9021.0,20.08
726,WY,2014,142268.0,489300.0,56015.0,171012.0,0.0,5863.4,18.79
727,US,2014,27376838.0,17996577.0,9761070.0,34658248.0,8337559.0,1395430.4,21.33
728,AK,2015,333936.0,19511.0,23819.0,235839.0,0.0,5552.3,19.06
729,AL,2015,701582.0,494311.0,284365.0,511742.0,438728.0,19990.1,15.69
730,AR,2015,296826.0,226889.0,129264.0,314414.0,144716.0,11171.7,15.86
731,AZ,2015,365313.0,385822.0,149031.0,557369.0,340153.0,20744.8,21.89
732,CA,2015,2384061.0,30967.0,911138.0,3201112.0,193529.0,120161.2,22.14
733,CO,2015,490642.0,340107.0,133682.0,479850.0,0.0,16387.9,17.21
734,CT,2015,260925.0,6536.0,46764.0,313997.0,182083.0,13126.1,23.3
735,DC,2015,33654.0,44.0,1831.0,20423.0,0.0,2144.8,23.11
736,DE,2015,107819.0,7149.0,7744.0,109009.0,0.0,3485.9,19.74
737,FL,2015,1378089.0,466530.0,293757.0,1695087.0,294099.0,57721.4,20.22
738,GA,2015,712580.0,394665.0,300896.0,997508.0,353883.0,34957.9,17.1
739,HI,2015,196.0,15632.0,29420.0,254200.0,0.0,5906.4,27.11
740,IA,2015,302936.0,348293.0,429835.0,415141.0,54836.0,13413.7,13.93
741,ID,2015,107871.0,4249.0,154481.0,175254.0,0.0,6132.7,16.87
742,IL,2015,1011357.0,850430.0,270570.0,1245106.0,1017377.0,40674.6,15.54
743,IN,2015,735055.0,1007472.0,173327.0,750409.0,0.0,27479.6,14.99
744,KS,2015,280421.0,273416.0,149870.0,340937.0,90254.0,11241.5,17.01
745,KY,2015,276867.0,796484.0,89402.0,590257.0,0.0,17478.3,16.37
746,LA,2015,1594207.0,174221.0,158287.0,1716529.0,160015.0,27743.2,10.55
747,MA,2015,457124.0,24177.0,88979.0,577821.0,52236.0,24085.8,22.34
748,MD,2015,225969.0,165994.0,73185.0,499114.0,153140.0,19705.1,21.02
749,ME,2015,54203.0,2588.0,168574.0,194972.0,0.0,6041.1,17.95
750,MI,2015,871834.0,617280.0,239503.0,864500.0,306773.0,33018.3,16.43
751,MN,2015,448557.0,271570.0,278624.0,595108.0,125900.0,19772.5,16.13
752,MO,2015,270885.0,696401.0,95606.0,622945.0,109182.0,21688.0,18.28
753,MS,2015,536996.0,71626.0,74223.0,377952.0,122511.0,12110.3,16.96
754,MT,2015,77443.0,178421.0,129412.0,165080.0,0.0,4384.2,17.66
755,NC,2015,516026.0,405525.0,206845.0,857023.0,440248.0,31788.5,19.0
756,ND,2015,100852.0,408091.0,109747.0,193722.0,0.0,5552.9,13.73
757,NE,2015,170346.0,266319.0,164543.0,234270.0,107976.0,8165.8,15.54
758,NH,2015,70742.0,10989.0,67603.0,152764.0,99186.0,5285.3,22.56
759,NJ,2015,778866.0,22925.0,81586.0,877467.0,347851.0,29753.6,18.96
760,NM,2015,260038.0,215703.0,48909.0,237701.0,0.0,7238.3,18.65
761,NV,2015,312602.0,36635.0,85212.0,266639.0,0.0,9664.9,19.43
762,NY,2015,1396693.0,41241.0,448392.0,1383266.0,466457.0,56789.5,19.83
763,OH,2015,1031716.0,865714.0,157489.0,1081188.0,181726.0,40888.4,16.56
764,OK,2015,711393.0,280748.0,203058.0,521667.0,0.0,15942.3,16.05
765,OR,2015,245897.0,26515.0,451541.0,323140.0,0.0,12671.7,18.94
766,PA,2015,1313350.0,878829.0,235433.0,1187148.0,842044.0,44887.5,17.74
767,RI,2015,96514.0,0.0,8469.0,86112.0,0.0,3578.1,22.6
768,SC,2015,284013.0,241217.0,151230.0,511425.0,555909.0,18598.0,18.05
769,SD,2015,83370.0,19616.0,138038.0,115692.0,0.0,3847.4,16.3
770,TN,2015,322468.0,370650.0,196878.0,687482.0,261037.0,23962.5,17.44
771,TX,2015,4263856.0,1340422.0,672832.0,6022376.0,411571.0,119292.2,13.69
772,UT,2015,242848.0,330043.0,33778.0,276308.0,0.0,8894.3,17.22
773,VA,2015,526314.0,232427.0,169053.0,834674.0,293455.0,28475.7,17.67
774,VT,2015,12245.0,0.0,41531.0,81888.0,0.0,2692.3,21.34
775,WA,2015,327738.0,58273.0,891733.0,732667.0,85347.0,21868.1,17.44
776,WI,2015,476969.0,408189.0,200490.0,534079.0,104666.0,20771.2,16.97
777,WV,2015,191059.0,730949.0,44994.0,189690.0,0.0,7249.2,16.88
778,WY,2015,126421.0,487177.0,52372.0,158389.0,0.0,4447.0,14.88
779,US,2015,28179686.0,15548985.0,9749471.0,35368448.0,8336886.0,1128447.4,17.31
780,AK,2016,330883.0,16613.0,26254.0,219837.0,0.0,4561.4,17.0
781,AL,2016,715033.0,410168.0,259513.0,538953.0,417334.0,19230.0,14.85
782,AR,2016,315617.0,246437.0,127831.0,322808.0,140370.0,10292.2,14.62
783,AZ,2016,373916.0,323878.0,162028.0,576213.0,338636.0,19581.3,20.11
784,CA,2016,2248939.0,32077.0,1116287.0,3315378.0,197754.0,111275.5,20.16
785,CO,2016,464749.0,321476.0,158875.0,482014.0,0.0,15097.4,15.75
786,CT,2016,254652.0,2340.0,47868.0,296001.0,173363.0,11748.8,21.89
787,DC,2016,30160.0,34.0,2193.0,19489.0,0.0,1983.6,22.36
788,DE,2016,113552.0,8199.0,7597.0,110248.0,0.0,3187.1,18.16
789,FL,2016,1414358.0,426188.0,290005.0,1738523.0,306658.0,53459.1,18.42
790,GA,2016,727336.0,399279.0,298214.0,971869.0,360633.0,32344.2,16.16
791,HI,2016,162.0,16431.0,32368.0,252070.0,0.0,5215.5,23.95
792,IA,2016,317115.0,298006.0,452667.0,424923.0,49185.0,12684.6,12.93
793,ID,2016,110344.0,2432.0,153289.0,176049.0,0.0,5717.5,15.48
794,IL,2016,1045034.0,702467.0,276545.0,1247540.0,1031331.0,37622.1,14.56
795,IN,2016,779945.0,948386.0,183792.0,726396.0,0.0,24910.2,13.78
796,KS,2016,276404.0,253121.0,179062.0,342440.0,86245.0,10522.7,16.02
797,KY,2016,279935.0,736584.0,91858.0,600376.0,0.0,16181.7,15.26
798,LA,2016,1718305.0,140513.0,176181.0,1700751.0,179391.0,25055.2,9.33
799,MA,2016,440725.0,20115.0,93041.0,558903.0,56628.0,21535.8,20.61
800,MD,2016,229508.0,162931.0,73766.0,473740.0,154377.0,17893.2,19.85
801,ME,2016,54509.0,2194.0,150107.0,186072.0,0.0,5272.0,16.8
802,MI,2016,926828.0,471236.0,234596.0,880277.0,329999.0,30950.2,15.57
803,MN,2016,466365.0,261250.0,282936.0,617809.0,144970.0,18614.1,14.84
804,MO,2016,273583.0,639860.0,94312.0,619747.0,98630.0,19938.8,17.22
805,MS,2016,561342.0,61219.0,76967.0,386987.0,61680.0,10942.9,15.43
806,MT,2016,77589.0,161938.0,132767.0,166880.0,0.0,4027.8,15.97
807,NC,2016,540271.0,381761.0,222384.0,878993.0,447500.0,29950.8,17.63
808,ND,2016,105625.0,394579.0,125731.0,164552.0,0.0,4618.8,12.39
809,NE,2016,172929.0,240465.0,168536.0,232829.0,97798.0,7557.4,14.31
810,NH,2016,59638.0,5277.0,62838.0,146737.0,112551.0,4718.4,20.97
811,NJ,2016,793928.0,17455.0,85369.0,888468.0,312569.0,27341.1,17.63
812,NM,2016,259158.0,197083.0,64769.0,235515.0,0.0,6475.7,16.83
813,NV,2016,316653.0,30765.0,99674.0,289383.0,0.0,8753.0,16.64
814,NY,2016,1336455.0,29679.0,454021.0,1382206.0,434791.0,50926.5,18.1
815,OH,2016,994162.0,825311.0,159177.0,1082887.0,175893.0,37637.4,15.6
816,OK,2016,736164.0,221842.0,260290.0,520186.0,0.0,13902.0,14.06
817,OR,2016,249829.0,19440.0,482943.0,327835.0,0.0,11788.8,17.36
818,PA,2016,1354340.0,734838.0,230921.0,1138129.0,867302.0,39790.6,16.63
819,RI,2016,88471.0,0.0,8267.0,74342.0,0.0,3018.2,21.25
820,SC,2016,284225.0,221865.0,150318.0,522302.0,583883.0,17748.6,17.07
821,SD,2016,85021.0,26660.0,149018.0,113289.0,0.0,3526.0,15.01
822,TN,2016,336341.0,379775.0,170822.0,702677.0,309357.0,22388.5,16.17
823,TX,2016,4151065.0,1323111.0,820815.0,6175136.0,440109.0,110577.8,12.53
824,UT,2016,250199.0,269016.0,47601.0,285349.0,0.0,8396.6,15.76
825,VA,2016,572103.0,222938.0,167391.0,844901.0,310966.0,26281.8,16.26
826,VT,2016,12383.0,0.0,38701.0,77727.0,0.0,2404.1,19.91
827,WA,2016,324929.0,53302.0,948976.0,800690.0,100674.0,21129.8,15.89
828,WI,2016,501042.0,357335.0,200299.0,524098.0,106173.0,19155.2,15.76
829,WV,2016,188491.0,751957.0,47885.0,199199.0,0.0,7145.2,16.45
830,WY,2016,132478.0,457315.0,58491.0,152624.0,0.0,3990.8,13.28
831,US,2016,28392790.0,14227138.0,10408644.0,35712347.0,8426753.0,1038883.6,15.95
832,AK,2017,343899.0,16376.0,24447.0,216452.0,0.0,5040.3,18.98
833,AL,2017,681208.0,378890.0,285081.0,530370.0,446097.0,20444.4,15.97
834,AR,2017,317530.0,267591.0,121635.0,321210.0,132736.0,11281.4,15.76
835,AZ,2017,334629.0,334512.0,172736.0,583258.0,338246.0,21227.0,21.8
836,CA,2017,2190994.0,33663.0,1314777.0,3392689.0,187227.0,123245.3,21.97
837,CO,2017,462135.0,315835.0,162034.0,489738.0,0.0,16603.3,17.2
838,CT,2017,246532.0,2507.0,46758.0,299249.0,172570.0,12562.3,23.18
839,DC,2017,30607.0,30.0,2257.0,16915.0,0.0,1966.1,23.03
840,DE,2017,103121.0,4804.0,7912.0,112654.0,0.0,3451.5,19.75
841,FL,2017,1421271.0,407538.0,306615.0,1757690.0,304840.0,58778.2,20.05
842,GA,2017,709671.0,344273.0,293604.0,1028148.0,352560.0,35500.7,17.58
843,HI,2017,163.0,14948.0,32003.0,262205.0,0.0,5843.1,26.1
844,IA,2017,376298.0,300287.0,473227.0,409164.0,54528.0,13942.6,13.7
845,ID,2017,115899.0,2615.0,174569.0,176634.0,0.0,6336.1,16.62
846,IL,2017,1034583.0,685000.0,286646.0,1251487.0,1016522.0,40718.8,15.86
847,IN,2017,747919.0,929271.0,183807.0,700249.0,0.0,26752.3,15.15
848,KS,2017,279097.0,216747.0,219766.0,335329.0,111367.0,11179.3,17.3
849,KY,2017,296673.0,639356.0,103410.0,577856.0,0.0,17352.6,16.72
850,LA,2017,1716392.0,142267.0,161570.0,1814440.0,161171.0,29672.0,10.51
851,MA,2017,462406.0,12407.0,95856.0,561908.0,52788.0,23336.0,22.04
852,MD,2017,232723.0,106973.0,80822.0,470666.0,158004.0,18935.6,21.22
853,ME,2017,45125.0,2168.0,155506.0,181420.0,0.0,5593.2,18.24
854,MI,2017,908197.0,499439.0,238177.0,869880.0,338675.0,32708.1,16.5
855,MN,2017,466884.0,257594.0,293528.0,611526.0,145426.0,20488.7,16.24
856,MO,2017,264614.0,709796.0,102440.0,611040.0,86853.0,21324.2,18.68
857,MS,2017,543721.0,53779.0,71848.0,384318.0,77027.0,11882.3,16.73
858,MT,2017,83319.0,156073.0,140885.0,172427.0,0.0,4591.4,17.17
859,NC,2017,520659.0,350286.0,240022.0,885764.0,443192.0,31618.3,18.68
860,ND,2017,112146.0,397875.0,165938.0,184122.0,0.0,5414.8,13.51
861,NE,2017,175613.0,233809.0,186969.0,233348.0,72300.0,8261.5,15.53
862,NH,2017,53633.0,3617.0,66803.0,152656.0,104493.0,5187.4,22.26
863,NJ,2017,734147.0,16488.0,83836.0,858632.0,355948.0,28988.0,19.16
864,NM,2017,249357.0,199114.0,78080.0,249356.0,0.0,7366.2,18.8
865,NV,2017,305309.0,27297.0,109544.0,306479.0,0.0,9854.1,17.99
866,NY,2017,1276905.0,19553.0,490642.0,1378849.0,441029.0,55246.9,19.53
867,OH,2017,1014299.0,810953.0,156232.0,1073983.0,184997.0,39957.0,16.7
868,OK,2017,692145.0,198309.0,290968.0,544537.0,0.0,15549.7,15.37
869,OR,2017,262532.0,18723.0,516930.0,335127.0,0.0,13064.7,18.35
870,PA,2017,1404240.0,669540.0,240496.0,1151732.0,870187.0,43377.7,17.94
871,RI,2017,94730.0,0.0,9567.0,75184.0,0.0,3213.3,22.29
872,SC,2017,287408.0,192751.0,152847.0,524166.0,568390.0,18951.5,18.25
873,SD,2017,85339.0,26114.0,148279.0,112658.0,0.0,3861.2,16.3
874,TN,2017,331613.0,334567.0,182761.0,694516.0,332779.0,23849.4,17.51
875,TX,2017,3987778.0,1451978.0,915338.0,6286229.0,403523.0,125804.9,14.07
876,UT,2017,231151.0,274816.0,64181.0,294385.0,0.0,9262.3,16.92
877,VA,2017,596648.0,159813.0,167010.0,847776.0,319562.0,28402.6,17.48
878,VT,2017,12281.0,0.0,40945.0,77379.0,0.0,2582.4,21.5
879,WA,2017,350872.0,61732.0,967707.0,769685.0,85013.0,23662.5,17.78
880,WI,2017,504808.0,388614.0,198839.0,523110.0,100919.0,20531.1,16.74
881,WV,2017,199298.0,710445.0,49947.0,191481.0,0.0,7477.9,17.61
882,WY,2017,158370.0,458496.0,59425.0,153755.0,0.0,4407.1,14.51
883,US,2017,28056891.0,13839632.0,11138359.0,36043829.0,8418968.0,1136379.4,17.32
884,AK,2018,346255.0,17325.0,24996.0,215613.0,0.0,5834.0,22.2
885,AL,2018,771194.0,377152.0,301170.0,518687.0,412584.0,21948.7,16.7
886,AR,2018,366939.0,304145.0,124834.0,326432.0,132996.0,12447.8,16.45
887,AZ,2018,400531.0,331492.0,179533.0,590247.0,325122.0,23684.9,23.98
888,CA,2018,2209801.0,33256.0,1213958.0,3409954.0,190422.0,137350.6,24.45
889,CO,2018,518088.0,284474.0,165952.0,512429.0,0.0,18719.6,18.5
890,CT,2018,285991.0,4023.0,49572.0,316551.0,176496.0,14207.4,24.87
891,DC,2018,32623.0,37.0,2661.0,19017.0,0.0,2146.5,23.57
892,DE,2018,99416.0,4296.0,8035.0,119451.0,0.0,3896.7,20.74
893,FL,2018,1511134.0,327807.0,314801.0,1843337.0,306461.0,64957.3,21.41
894,GA,2018,759205.0,340152.0,303573.0,998463.0,359262.0,37670.1,18.35
895,HI,2018,192.0,14367.0,31126.0,261466.0,0.0,6828.7,30.36
896,IA,2018,431513.0,325673.0,478666.0,418691.0,51181.0,15664.2,14.62
897,ID,2018,115833.0,2823.0,180196.0,180666.0,0.0,6947.6,18.14
898,IL,2018,1127424.0,704574.0,277668.0,1254095.0,1025651.0,45014.8,16.8
899,IN,2018,890433.0,985668.0,190075.0,703718.0,0.0,29509.8,15.85
900,KS,2018,321809.0,227665.0,222816.0,343686.0,95854.0,12584.9,18.32
901,KY,2018,356673.0,655909.0,103816.0,601468.0,0.0,19701.7,17.92
902,LA,2018,1865382.0,137818.0,160945.0,1729715.0,179330.0,32728.9,11.6
903,MA,2018,452093.0,101.0,101071.0,576328.0,46437.0,27101.5,24.78
904,MD,2018,312824.0,124191.0,90288.0,477626.0,156699.0,20383.8,22.08
905,ME,2018,48370.0,2113.0,155760.0,171062.0,0.0,6140.9,20.16
906,MI,2018,1010919.0,506105.0,247124.0,896217.0,318655.0,36285.8,17.46
907,MN,2018,514172.0,261530.0,296986.0,624491.0,152657.0,22766.6,17.39
908,MO,2018,330552.0,668188.0,110649.0,619352.0,111401.0,23749.8,19.56
909,MS,2018,591886.0,60015.0,74057.0,380952.0,72343.0,13102.2,17.96
910,MT,2018,90778.0,152295.0,147563.0,171531.0,0.0,5088.3,18.56
911,NC,2018,599308.0,325121.0,270114.0,906189.0,439915.0,35276.1,20.09
912,ND,2018,130084.0,407262.0,163255.0,190027.0,0.0,6210.6,14.95
913,NE,2018,196445.0,264072.0,190495.0,239157.0,58884.0,9210.8,16.6
914,NH,2018,51471.0,7798.0,62624.0,155704.0,105195.0,5840.9,24.5
915,NJ,2018,799555.0,16732.0,84239.0,888315.0,334373.0,32259.5,20.09
916,NM,2018,281322.0,136824.0,95244.0,257803.0,0.0,8261.1,19.91
917,NV,2018,310875.0,34996.0,117235.0,308260.0,0.0,11142.3,20.0
918,NY,2018,1393657.0,16710.0,489219.0,1423244.0,448718.0,62257.4,20.99
919,OH,2018,1236747.0,717818.0,158726.0,1089761.0,191483.0,44050.3,17.43
920,OK,2018,842224.0,171280.0,324177.0,541278.0,0.0,17126.4,16.2
921,OR,2018,271311.0,16911.0,502494.0,339590.0,0.0,14229.4,20.26
922,PA,2018,1515912.0,644056.0,251952.0,1170049.0,872749.0,47961.5,18.96
923,RI,2018,104748.0,0.0,10045.0,82615.0,0.0,3873.6,24.84
924,SC,2018,338951.0,205204.0,165199.0,526034.0,551151.0,20322.0,19.15
925,SD,2018,95548.0,27618.0,158194.0,115313.0,0.0,4311.3,17.42
926,TN,2018,404318.0,251835.0,199132.0,700650.0,378224.0,26746.5,18.7
927,TX,2018,4596600.0,1189311.0,1009917.0,6720839.0,430597.0,148718.2,15.29
928,UT,2018,253819.0,273117.0,61286.0,310060.0,0.0,10437.1,18.46
929,VA,2018,667004.0,149349.0,183826.0,869728.0,305826.0,32149.4,19.04
930,VT,2018,14208.0,0.0,44258.0,75792.0,0.0,2834.8,23.11
931,WA,2018,334779.0,61166.0,955305.0,775777.0,101502.0,25962.2,19.69
932,WI,2018,565291.0,362077.0,203443.0,548839.0,105900.0,22826.7,17.5
933,WV,2018,221402.0,661760.0,53573.0,216968.0,0.0,8767.1,18.79
934,WY,2018,175639.0,455748.0,54920.0,159048.0,0.0,4962.3,15.41
935,US,2018,31163246.0,13249958.0,11369899.0,36892286.0,8438068.0,1271930.6,18.61
936,AK,2019,343384.0,17620.0,23608.0,220818.0,0.0,5689.3,21.36
937,AL,2019,748731.0,317180.0,298545.0,529319.0,455865.0,21301.9,16.38
938,AR,2019,371388.0,239798.0,132189.0,330550.0,141750.0,12055.8,16.07
939,AZ,2019,484249.0,257727.0,174570.0,607131.0,333312.0,23601.3,23.3
940,CA,2019,2218732.0,30886.0,1373488.0,3395439.0,168799.0,139280.3,24.68
941,CO,2019,553842.0,273338.0,178021.0,526331.0,0.0,18788.9,17.77
942,CT,2019,293149.0,867.0,48862.0,304773.0,174730.0,13573.3,24.32
943,DC,2019,31603.0,5.0,3049.0,18555.0,0.0,2117.5,24.06
944,DE,2019,93442.0,2179.0,8544.0,120332.0,0.0,3789.4,19.87
945,FL,2019,1578269.0,233542.0,315365.0,1804514.0,303946.0,62678.4,20.79
946,GA,2019,786904.0,273109.0,314211.0,995857.0,350759.0,36579.9,17.95
947,HI,2019,228.0,14179.0,29839.0,264338.0,0.0,6731.5,29.48
948,IA,2019,433368.0,266368.0,518892.0,430621.0,54671.0,14989.8,13.89
949,ID,2019,133257.0,2364.0,171550.0,183278.0,0.0,6748.5,17.12
950,IL,2019,1180447.0,591909.0,293917.0,1239327.0,1030996.0,42478.1,16.0
951,IN,2019,934151.0,821545.0,187427.0,710201.0,0.0,28789.8,15.37
952,KS,2019,319950.0,197779.0,239094.0,352445.0,96565.0,12004.6,17.31
953,KY,2019,361174.0,574502.0,101676.0,595296.0,0.0,18821.0,17.36
954,LA,2019,1963925.0,90701.0,150526.0,1736963.0,145993.0,29899.9,10.64
955,MA,2019,442794.0,71.0,99536.0,572180.0,22734.0,25788.1,23.51
956,MD,2019,311631.0,77301.0,79877.0,474069.0,156765.0,19482.1,21.44
957,ME,2019,46301.0,2160.0,154606.0,166761.0,0.0,5874.4,19.27
958,MI,2019,1054986.0,447823.0,244587.0,882063.0,343639.0,34773.9,16.89
959,MN,2019,549487.0,205139.0,298551.0,640082.0,147280.0,21981.8,16.59
960,MO,2019,327798.0,584662.0,121475.0,622101.0,95961.0,22482.1,18.76
961,MS,2019,583800.0,51028.0,70136.0,383081.0,115202.0,12526.6,17.35
962,MT,2019,92649.0,159165.0,133863.0,175168.0,0.0,5016.8,17.99
963,NC,2019,569405.0,318154.0,275441.0,905845.0,437683.0,34227.1,19.56
964,ND,2019,157419.0,372018.0,164419.0,188349.0,0.0,6006.9,14.67
965,NE,2019,198771.0,240414.0,203880.0,242788.0,72589.0,8895.7,16.03
966,NH,2019,55366.0,4182.0,62394.0,152435.0,113890.0,5545.5,23.52
967,NJ,2019,790685.0,13780.0,84994.0,842885.0,278147.0,30396.5,19.88
968,NM,2019,305538.0,151468.0,105040.0,262605.0,0.0,7969.9,18.49
969,NV,2019,315564.0,37177.0,125022.0,306466.0,0.0,11090.5,19.72
970,NY,2019,1337750.0,13648.0,498124.0,1386269.0,468481.0,58489.7,20.16
971,OH,2019,1260474.0,594257.0,160334.0,1070162.0,177624.0,41907.9,16.96
972,OK,2019,873688.0,93953.0,347056.0,524240.0,0.0,16164.2,15.54
973,OR,2019,302229.0,27430.0,445620.0,334509.0,0.0,14108.6,19.87
974,PA,2019,1679486.0,568781.0,234570.0,1134520.0,869084.0,45768.8,18.32
975,RI,2019,97931.0,0.0,11832.0,77313.0,0.0,3640.1,24.3
976,SC,2019,347904.0,160703.0,166366.0,515839.0,585828.0,19712.4,18.84
977,SD,2019,97428.0,31420.0,169269.0,116179.0,0.0,4163.8,16.63
978,TN,2019,420285.0,216876.0,191569.0,713625.0,372992.0,25954.4,18.3
979,TX,2019,4795216.0,992721.0,1071087.0,6850186.0,431234.0,137852.3,14.08
980,UT,2019,276460.0,266989.0,60089.0,305584.0,0.0,10037.6,17.46
981,VA,2019,717725.0,85120.0,169910.0,872814.0,308013.0,31211.7,18.5
982,VT,2019,14381.0,0.0,43772.0,77367.0,0.0,2735.5,22.16
983,WA,2019,378216.0,80837.0,797587.0,794537.0,92584.0,25807.5,19.09
984,WI,2019,592529.0,280108.0,202897.0,547523.0,104736.0,21968.6,16.89
985,WV,2019,239854.0,621722.0,49681.0,208371.0,0.0,8025.3,17.83
986,WY,2019,172235.0,410221.0,57094.0,155232.0,0.0,4694.7,14.93
987,US,2019,32236174.0,11314925.0,11468314.0,36867235.0,8451852.0,1223984.5,17.96
988,AK,2020,373567.0,18527.0,25527.0,222323.0,0.0,4711.9,17.2
989,AL,2020,714871.0,256687.0,308209.0,525878.0,454930.0,18583.2,14.85
990,AR,2020,335441.0,161980.0,118123.0,315440.0,157349.0,10368.4,14.79
991,AZ,2020,513539.0,156821.0,177618.0,544270.0,329597.0,20346.4,21.24
992,CA,2020,2151068.0,28034.0,1244897.0,2688622.0,169838.0,114531.6,23.65
993,CO,2020,552271.0,217082.0,194190.0,437992.0,0.0,15470.4,16.47
994,CT,2020,297582.0,67.0,46777.0,262428.0,164157.0,11537.1,23.11
995,DC,2020,27984.0,0.0,3024.0,15492.0,0.0,1763.1,22.55
996,DE,2020,94009.0,1956.0,7722.0,104587.0,0.0,3153.6,18.42
997,FL,2020,1619429.0,180387.0,316100.0,1484594.0,307315.0,51460.8,19.25
998,GA,2020,779340.0,153179.0,328340.0,875240.0,342897.0,31038.7,16.53
999,HI,2020,199.0,13281.0,31467.0,187858.0,0.0,4695.2,30.08
1000,IA,2020,396343.0,183017.0,556341.0,404169.0,30344.0,12831.4,12.66
1001,ID,2020,129363.0,2663.0,157879.0,175803.0,0.0,5949.5,15.46
1002,IL,2020,1158640.0,391150.0,297310.0,1056447.0,1047170.0,34108.8,14.44
1003,IN,2020,873505.0,669310.0,182401.0,652153.0,0.0,24272.9,14.16
1004,KS,2020,301392.0,193779.0,260617.0,334609.0,110545.0,10261.2,15.46
1005,KY,2020,343788.0,482266.0,100789.0,540200.0,0.0,15413.1,15.48
1006,LA,2020,1924573.0,48718.0,144854.0,1773653.0,177055.0,24257.1,8.45
1007,MA,2020,400675.0,0.0,94678.0,449040.0,0.0,20897.7,22.42
1008,MD,2020,296585.0,49692.0,66952.0,397572.0,157531.0,15950.4,19.98
1009,ME,2020,47028.0,1657.0,138648.0,157444.0,0.0,4886.0,17.24
1010,MI,2020,1003430.0,334428.0,235184.0,756310.0,316854.0,29078.9,15.98
1011,MN,2020,496026.0,162702.0,286430.0,545473.0,153319.0,17641.3,15.25
1012,MO,2020,303949.0,551341.0,117585.0,576090.0,80874.0,18885.1,16.89
1013,MS,2020,610312.0,54188.0,68741.0,369614.0,67595.0,10583.0,15.25
1014,MT,2020,87478.0,98886.0,142312.0,174592.0,0.0,4408.2,16.18
1015,NC,2020,557570.0,223906.0,293174.0,807695.0,442166.0,28743.1,17.77
1016,ND,2020,150166.0,363255.0,176757.0,163767.0,0.0,4834.7,12.51
1017,NE,2020,192725.0,213747.0,202857.0,228175.0,64646.0,7637.0,14.25
1018,NH,2020,53630.0,1518.0,51219.0,136963.0,103052.0,4622.2,21.48
1019,NJ,2020,678931.0,12144.0,80762.0,686425.0,279308.0,24820.9,18.69
1020,NM,2020,292036.0,138968.0,106513.0,237384.0,0.0,6778.6,16.92
1021,NV,2020,310715.0,27778.0,125514.0,245204.0,0.0,8774.8,17.93
1022,NY,2020,1305282.0,5681.0,468231.0,1066114.0,401441.0,47971.5,19.41
1023,OH,2020,1233412.0,556769.0,151400.0,982394.0,190316.0,34985.2,15.29
1024,OK,2020,847555.0,70714.0,337045.0,474552.0,0.0,13116.7,13.46
1025,OR,2020,282518.0,17811.0,473155.0,300473.0,0.0,12070.6,18.06
1026,PA,2020,1783003.0,374254.0,217902.0,949953.0,799342.0,37536.6,17.08
1027,RI,2020,100985.0,0.0,13926.0,68314.0,0.0,3140.3,23.05
1028,SC,2020,343349.0,137280.0,173989.0,465872.0,571930.0,16668.2,17.14
1029,SD,2020,91244.0,21692.0,171078.0,119687.0,0.0,3715.9,14.91
1030,TN,2020,398610.0,176104.0,211994.0,657467.0,383245.0,21402.6,16.15
1031,TX,2020,4718367.0,872845.0,1149538.0,6187966.0,432869.0,108367.3,11.94
1032,UT,2020,266595.0,244280.0,61965.0,285122.0,0.0,8707.7,15.89
1033,VA,2020,748377.0,75434.0,170439.0,739500.0,314843.0,25579.5,16.69
1034,VT,2020,13589.0,0.0,39823.0,70379.0,0.0,2325.4,20.51
1035,WA,2020,354969.0,59443.0,884394.0,621358.0,98475.0,19941.1,17.58
1036,WI,2020,571817.0,249316.0,183061.0,493092.0,102071.0,18492.5,15.48
1037,WV,2020,265123.0,539707.0,48020.0,179259.0,0.0,6734.4,16.48
1038,WY,2020,169076.0,388253.0,68407.0,138481.0,0.0,3871.5,13.58
1039,US,2020,31562036.0,9182696.0,11518077.0,32333489.0,8251075.0,1007785.4,16.25
1040,AK,2021,384560.0,18694.0,24907.0,256041.0,0.0,6395.4,20.42
1041,AL,2021,739546.0,309791.0,303213.0,580020.0,480897.0,24223.6,17.84
1042,AR,2021,360504.0,216123.0,114123.0,329239.0,141603.0,13615.5,18.43
1043,AZ,2021,484962.0,160299.0,197117.0,606053.0,330406.0,25548.6,25.06
1044,CA,2021,2172757.0,28244.0,1334148.0,2969515.0,172123.0,150204.2,28.43
1045,CO,2021,526513.0,252442.0,216066.0,489206.0,0.0,20474.2,20.61
1046,CT,2021,306843.0,2880.0,51792.0,287268.0,179844.0,13730.1,25.85
1047,DC,2021,28336.0,0.0,3358.0,17525.0,0.0,2085.6,25.68
1048,DE,2021,87778.0,4542.0,8136.0,113210.0,0.0,3888.0,21.48
1049,FL,2021,1591156.0,200193.0,353523.0,1750506.0,293097.0,66763.4,22.52
1050,GA,2021,773889.0,203870.0,332568.0,922614.0,354662.0,38649.9,19.77
1051,HI,2021,133.0,12566.0,35105.0,222977.0,0.0,6346.8,32.69
1052,IA,2021,383424.0,264419.0,599196.0,411463.0,0.0,16773.2,16.41
1053,ID,2021,135178.0,3051.0,145902.0,188712.0,0.0,7725.1,19.29
1054,IL,2021,1082481.0,521615.0,335451.0,1140285.0,1013204.0,45112.9,18.38
1055,IN,2021,870075.0,753557.0,212543.0,714790.0,0.0,31140.4,17.11
1056,KS,2021,292156.0,219031.0,276717.0,338260.0,89572.0,12668.1,19.05
1057,KY,2021,365718.0,548443.0,102456.0,585943.0,0.0,20477.7,19.24
1058,LA,2021,1861540.0,95856.0,144874.0,1840317.0,180180.0,36273.4,12.46
1059,MA,2021,404324.0,0.0,103215.0,502317.0,0.0,25412.0,25.72
1060,MD,2021,302243.0,69186.0,73820.0,433109.0,156623.0,19827.3,23.58
1061,ME,2021,57233.0,1588.0,133128.0,164149.0,0.0,6031.7,21.03
1062,MI,2021,950120.0,436203.0,247406.0,816074.0,358698.0,36781.8,19.37
1063,MN,2021,523812.0,179055.0,297813.0,567228.0,147526.0,22679.7,18.75
1064,MO,2021,293874.0,616413.0,144808.0,609448.0,44839.0,23826.5,20.46
1065,MS,2021,576923.0,64446.0,68941.0,385435.0,122971.0,13633.2,18.94
1066,MT,2021,86998.0,122765.0,134741.0,176856.0,0.0,5626.3,20.51
1067,NC,2021,637553.0,222501.0,288212.0,884691.0,450408.0,36319.7,20.98
1068,ND,2021,190784.0,361811.0,185516.0,169566.0,0.0,6175.1,15.68
1069,NE,2021,191008.0,216298.0,217397.0,237542.0,71875.0,9665.8,17.53
1070,NH,2021,60116.0,3259.0,50415.0,141670.0,102957.0,5660.4,25.65
1071,NJ,2021,697019.0,12586.0,85852.0,750887.0,293972.0,30993.9,21.8
1072,NM,2021,284989.0,133228.0,138630.0,262264.0,0.0,9172.2,21.38
1073,NV,2021,305212.0,35910.0,139948.0,284865.0,0.0,11275.6,21.11
1074,NY,2021,1361190.0,5370.0,473907.0,1209837.0,325671.0,59524.8,22.52
1075,OH,2021,1293129.0,575920.0,165301.0,1029340.0,182628.0,44522.0,18.49
1076,OK,2021,745038.0,131695.0,367146.0,519226.0,0.0,17859.2,17.51
1077,OR,2021,305665.0,1303.0,449244.0,322320.0,0.0,15233.9,21.4
1078,PA,2021,1867361.0,485193.0,223410.0,1035606.0,792878.0,46423.2,19.49
1079,RI,2021,105473.0,0.0,14546.0,76590.0,0.0,3736.6,25.66
1080,SC,2021,350088.0,162628.0,170674.0,509517.0,561696.0,21008.8,20.22
1081,SD,2021,96787.0,21589.0,205338.0,119919.0,0.0,4775.9,18.85
1082,TN,2021,413619.0,225784.0,198765.0,715602.0,369061.0,27981.4,19.57
1083,TX,2021,4736878.0,968401.0,1293066.0,6802215.0,420047.0,161664.5,16.53
1084,UT,2021,274376.0,276159.0,67954.0,302537.0,0.0,11113.6,19.68
1085,VA,2021,699927.0,68603.0,189262.0,789358.0,298458.0,32132.2,19.73
1086,VT,2021,13801.0,0.0,40260.0,72373.0,0.0,2813.5,24.24
1087,WA,2021,382807.0,36943.0,850547.0,712349.0,88909.0,25940.3,20.92
1088,WI,2021,559535.0,286760.0,178716.0,533212.0,104149.0,23910.9,19.44
1089,WV,2021,279133.0,633582.0,48756.0,205121.0,0.0,8754.1,19.6
1090,WY,2021,161354.0,376971.0,91943.0,146812.0,0.0,5015.9,17.32
1091,US,2021,31655918.0,10547764.0,12139977.0,35251979.0,8128952.0,1317098.4,19.99
