state,year,gas_generation,gas_consumption,coal_generation,coal_consumption,oil_generation,oil_consumption,nuclear_generation,nuclear_consumption,renewable_generation,renewable_consumption,expenditures (M dollars),price (dollars per MBtu)
AK,2001,553301,413049,23618,15911,2038184,289334,0,0,16974,17446,2785.1,8.18
AL,2001,391253,344004,469962,842337,54137,534772,317019,317019,251523,252841,11697.8,9.45
AR,2001,170142,231590,381,273982,44034,353382,154356,154356,94001,94022,7323.7,10.2
AZ,2001,312,244424,293303,424023,342,514052,299966,299966,90513,92536,10673.9,12.82
CA,2001,408873,2513856,0,67839,1511845,3585715,346911,346911,607988,615198,73085.8,13
CO,2001,873450,464062,741186,400028,95816,453248,0,0,23726,30471,9970.1,10.72
CT,2001,0,149344,0,39991,0,418855,161112,161112,29813,29919,7949.7,13.49
DC,2001,0,30577,0,741,0,33414,0,0,866,866,1519.1,15.21
DE,2001,0,51817,0,38335,0,138478,0,0,1324,1325,1958.6,11.24
FL,2001,7855,569757,0,725890,25671,1941855,329825,329825,158039,158138,31485.3,12.62
GA,2001,0,362643,0,772021,0,1011020,351739,351739,192060,192068,19424.2,10.23
HI,2001,0,134,0,17774,0,239817,0,0,12389,12395,2779.2,15.34
IA,2001,0,193445,0,443921,0,381227,40234,40234,105614,76705,8185,10.21
ID,2001,0,81804,0,11395,0,155395,0,0,105045,104604,3183.1,9.78
IL,2001,239,958425,772290,983729,58534,1230341,964500,964500,113176,100875,29125.5,11.1
IN,2001,1090,505274,813161,1569235,11728,801895,0,0,49614,53158,16979.8,8.82
KS,2001,544550,273862,3697,354647,196864,377245,108050,108050,13084,10929,7051.1,10.71
KY,2001,86962,216705,3326940,1013055,17220,627963,0,0,53193,53539,10503.9,9.3
LA,2001,1791678,1347228,50817,239990,606738,1965937,181041,181041,136086,136129,20720.1,7.93
MA,2001,0,364097,0,109014,0,739924,53719,53719,47997,48003,15797.9,14.3
MD,2001,33,184783,111689,318851,0,566433,142612,142612,33247,33276,11221.2,11.86
ME,2001,0,101190,0,7875,0,227875,0,0,146146,146148,3573.5,10.18
MI,2001,288366,924496,0,789703,42775,980720,278941,278941,94158,99025,21789.6,9.94
MN,2001,0,344882,0,353305,0,652093,123113,123113,108950,108048,12421,10.42
MO,2001,0,288586,8022,716378,528,722516,87557,87557,32926,33141,13806.8,11.04
MS,2001,135437,340904,6804,198275,113262,479661,103635,103635,56085,56103,7569.8,10.37
MT,2001,83918,66483,708173,184401,92336,156398,0,0,80568,80654,2472.1,10.66
NC,2001,0,215600,0,756311,0,900456,394485,394485,127348,131872,18889.1,11.67
ND,2001,68363,57334,398430,420001,183808,137162,0,0,20662,19505,2169.8,7.28
NE,2001,1229,124051,0,226691,16948,215468,91127,91127,70152,43413,4454.4,10.36
NH,2001,0,24757,0,40125,0,166694,90778,90778,30186,30187,3061.5,13.62
NJ,2001,0,573040,0,112207,0,1193427,318190,318190,29052,30089,19987.8,11.13
NM,2001,1813050,259626,554846,297096,394406,238316,0,0,8027,7911,4229.7,11.39
NV,2001,7,181256,0,188572,3318,247451,0,0,43411,46005,5234.6,12.97
NY,2001,28593,1204885,0,306993,963,1625732,421845,421845,350747,351194,39674.6,13.71
OH,2001,104433,836825,598946,1362828,35096,1257823,161488,161488,51101,68387,29052.9,10.9
OK,2001,1801655,505220,42810,376112,397480,581673,0,0,48390,48426,9916.9,10.46
OR,2001,1139,235634,0,43365,0,352498,0,0,349949,351491,7386.3,10.97
PA,2001,139028,668960,1929615,1392203,9396,1431355,769971,769971,95728,97228,29847.8,11.26
RI,2001,0,98571,0,50,0,99767,0,0,3898,3899,2307.2,14.05
SC,2001,0,147167,0,414459,0,481022,520792,520792,70574,70578,9937.2,10.4
SD,2001,1099,37035,0,44372,7279,110286,0,0,41313,41085,1925.8,11.05
TN,2001,2074,265461,84824,687352,2036,710393,298424,298424,142349,138865,13937,9.99
TX,2001,5971835,4382935,578696,1492977,2460923,5773604,398535,398535,96534,102165,74136.9,8.86
UT,2001,316014,167582,640594,384453,88462,260345,0,0,10816,12128,4542.5,9.27
VA,2001,74190,246406,863870,487601,64,888633,269003,269003,92832,95661,16114.5,10.71
VT,2001,0,7909,0,50,0,89212,43559,43559,17341,17342,1637.4,13.9
WA,2001,0,322413,72134,99441,0,768387,86159,86159,659060,660974,12865.9,10.44
WI,2001,0,363022,0,494043,0,603696,120168,120168,121849,128460,13152.9,10.56
WV,2001,222402,150543,4085483,866590,7111,217958,0,0,14725,15165,4302.3,8.81
WY,2001,1538857,103990,6407633,499817,333111,156709,0,0,14909,14658,2342.6,8.51
US,2001,22584794,22747645,23587925,21906355,12281622,38087631,8028853,8028853,5166059,5164253,696242.1,10.78
AK,2002,539400,420808,17878,16429,2084416,277400,0,0,17922,18269,2525.1,7.78
AL,2002,390053,389965,460201,845999,50089,562366,332650,332650,252689,253609,11671.5,9.16
AR,2002,166236,247899,314,255242,42062,356282,152024,152024,108618,108652,6974.5,9.39
AZ,2002,306,255247,280064,406479,365,526176,322260,322260,86879,88046,10461.4,12.39
CA,2002,394973,2318656,0,70010,1495808,3704382,358707,358707,676213,684544,69633.5,12.07
CO,2002,995996,457708,788220,390480,119028,434502,0,0,21082,27044,8786.2,9.6
CT,2002,0,181665,0,34206,0,382283,155777,155777,28314,28612,7578.8,13.02
DC,2002,0,33688,0,99,0,33375,0,0,880,881,1485.8,14.62
DE,2002,0,53782,0,40536,0,134057,0,0,1314,1315,2013.3,11.17
FL,2002,4893,708638,0,719670,21077,1892395,351940,351940,174462,174380,30945.9,12.16
GA,2002,0,393127,0,807121,0,1006589,324827,324827,283704,283715,19223.3,9.53
HI,2002,0,140,0,16618,0,257441,0,0,10452,10462,2688.2,14.23
IA,2002,0,194041,0,441534,0,396593,47761,47761,113940,85207,7738.6,9.36
ID,2002,0,73482,0,10194,0,160021,0,0,113779,113189,3211.3,9.95
IL,2002,250,1051213,758830,986832,64380,1196049,948761,948761,140266,111585,26852.3,10.13
IN,2002,1319,538368,789153,1547530,11380,852562,0,0,52532,55332,16409.6,8.19
KS,2002,522294,307432,4351,391664,193604,361909,94413,94413,22196,19560,6584.4,9.83
KY,2002,94052,236124,3098985,950941,15782,683158,0,0,62858,65077,10415.5,8.8
LA,2002,1650962,1475464,51958,232109,541262,1986027,180702,180702,140938,144121,19367.2,7.02
MA,2002,0,404456,0,118358,0,711365,60237,60237,46721,46804,14177.8,12.77
MD,2002,23,203489,125682,325834,0,544694,126641,126641,38064,41124,10786.1,11.08
ME,2002,0,126275,0,8000,0,230101,0,0,140385,140389,3643.8,9.85
MI,2002,285789,984715,0,739866,41864,992007,324615,324615,89210,99500,22114.8,9.95
MN,2002,0,374171,0,360822,0,650633,142897,142897,107216,104032,11648.2,9.56
MO,2002,0,278873,5310,725679,551,723507,87605,87605,35225,37858,13025.1,10.36
MS,2002,143130,354550,25966,154339,112352,428283,105041,105041,49641,49669,7253.6,9.91
MT,2002,88781,70992,676052,166322,98542,161571,0,0,108642,108732,2280.7,9.28
NC,2002,0,243143,0,770928,0,876330,413784,413784,125225,130792,18347.3,11.37
ND,2002,69169,61592,401823,422809,178657,123512,0,0,23405,21759,1924,6.69
NE,2002,1196,121174,0,217939,16136,222228,105696,105696,70412,44226,4197.6,9.63
NH,2002,0,26077,0,39845,0,176568,97054,97054,28896,28898,2972.4,12.81
NJ,2002,0,617094,0,104849,0,1178970,322299,322299,28692,28790,19107.8,10.59
NM,2002,1763599,229691,543314,284132,391860,243128,0,0,8690,8188,3908.6,10.61
NV,2002,6,181010,0,164775,3207,234506,0,0,39421,42485,5304.6,13.05
NY,2002,37663,1227223,0,280584,951,1560207,413686,413686,363959,364410,36598,12.7
OH,2002,107180,862453,507902,1396899,32660,1270998,113451,113451,38155,55136,27491.8,10.37
OK,2002,1756481,522530,33899,391379,385242,549321,0,0,40915,40973,8811.4,9.51
OR,2002,856,206808,0,37751,0,366296,0,0,400635,403564,7653.1,11.11
PA,2002,164591,700472,1734216,1457349,13479,1403563,794521,794521,96601,97199,28636,10.81
RI,2002,0,89824,0,76,0,98079,0,0,3699,3736,2032,12.72
SC,2002,0,190714,0,404455,0,478674,556829,556829,80639,80645,9972.1,10.03
SD,2002,1024,41532,0,39957,7041,117665,0,0,55199,52277,1913.1,10.09
TN,2002,2116,263690,81658,655906,1595,737577,287927,287927,153221,148413,13839.2,9.69
TX,2002,5844637,4444506,581168,1550325,2353501,5924903,371923,371923,121027,123648,68744.5,7.96
UT,2002,294974,172366,586926,370551,79872,258213,0,0,10879,11230,4231.7,9.18
VA,2002,79530,266853,793381,482759,145,855088,285549,285549,77071,82137,15694.1,10.45
VT,2002,0,8399,0,25,0,84489,41378,41378,22714,22715,1562.6,13.8
WA,2002,0,240494,91335,100832,0,736282,94484,94484,887900,893664,12223.2,10.45
WI,2002,0,388007,0,491990,0,600959,129991,129991,101548,110928,12643.8,10
WV,2002,218554,155536,3805093,993467,8445,228699,0,0,15137,16225,4295.6,8.53
WY,2002,1626950,117387,6486135,480360,317846,150160,0,0,12630,12279,2183.3,8.03
US,2002,21894284,23513541,22729814,21902852,12160205,38122145,8145429,8145429,5730811,5726026,663964.4,10.1
AK,2003,562687,415891,16864,12552,2062497,285417,0,0,19374,19607,2816.7,9.08
AL,2003,374804,360483,486363,873735,45785,561731,330137,330137,283428,284732,12686.9,9.98
AR,2003,175384,254571,180,253653,41812,357343,153093,153093,107905,107933,7534,10.23
AZ,2003,447,275650,262251,406537,273,537072,297872,297872,83079,84201,11922.7,13.86
CA,2003,373822,2317062,0,69469,1438939,3520087,370958,370958,719392,768593,78234.1,13.83
CO,2003,1078307,436873,801108,394163,124746,457424,0,0,21882,28794,9909.9,10.79
CT,2003,0,157252,0,41864,0,434313,167566,167566,31229,32973,9224.7,14.42
DC,2003,0,33700,0,173,0,29777,0,0,925,926,1578.6,15.82
DE,2003,0,47971,0,46997,0,136588,0,0,1401,1401,2200.2,12.31
FL,2003,4543,714826,0,723832,18925,1931768,322868,322868,188655,188488,34861.4,13.59
GA,2003,0,390760,0,819031,0,1033435,346601,346601,221665,221675,21438.8,10.79
HI,2003,0,137,0,18044,0,269414,0,0,13309,13318,3335.9,15.6
IA,2003,0,197629,0,444587,0,375212,41559,41559,135112,93652,8506.8,10.45
ID,2003,0,71754,0,10219,0,140328,0,0,109553,108868,3186.9,10.7
IL,2003,244,1001534,721185,1010087,67843,1238292,987308,987308,159431,127073,30177,11.25
IN,2003,1591,566838,792236,1570700,10817,885902,0,0,55292,57491,18953.8,9.17
KS,2003,479745,284722,3307,389464,197043,419163,92648,92648,26498,21917,7957.8,11.11
KY,2003,92879,231384,2809836,943652,14720,644470,0,0,65615,70509,11270.3,9.77
LA,2003,1599277,1353179,54642,247978,522104,1954979,168069,168069,148609,152633,22948.7,8.58
MA,2003,0,414970,0,109373,0,730803,51880,51880,50337,50418,16201.4,14.76
MD,2003,50,204345,124609,329590,0,570714,142685,142685,54135,54160,12458.1,12.34
ME,2003,0,73517,0,7481,0,265720,0,0,132344,132348,4098.3,11.22
MI,2003,248982,950714,0,747940,37514,968414,291332,291332,103312,112635,24121.8,10.78
MN,2003,0,374189,0,390691,0,671245,139799,139799,113752,107570,13315.2,10.81
MO,2003,0,265133,11380,795634,505,739036,101089,101089,31603,34678,14446.7,11.36
MS,2003,157366,275147,37626,178949,111946,480507,113625,113625,45346,45369,8286.9,11.01
MT,2003,88966,70048,665901,188981,112636,157136,0,0,100370,100455,2581.8,10.79
NC,2003,0,227387,0,771618,0,900018,426332,426332,181552,188855,20310.3,12.29
ND,2003,67756,56088,402709,420832,170584,121722,0,0,26158,24205,2104.2,7.39
NE,2003,1464,119741,0,227290,15967,229099,83344,83344,73956,45556,4745.3,10.8
NH,2003,0,56415,0,41633,0,200220,96677,96677,29849,29851,3457.3,14.15
NJ,2003,0,635689,0,106857,0,1146359,309629,309629,26707,26805,21977,12.17
NM,2003,1799677,225220,490629,305641,386216,248457,0,0,9554,8743,4456.7,11.93
NV,2003,6,191050,0,182553,2859,239284,0,0,33578,37158,5811.1,13.88
NY,2003,37113,1131344,0,286179,829,1760002,423959,423959,357371,359374,43362.8,14.44
OH,2003,97106,877891,539441,1443498,32816,1303901,88327,88327,47969,63646,31148.7,11.49
OK,2003,1723722,556306,37411,393790,376513,545461,0,0,41954,42001,10175.5,10.89
OR,2003,740,215102,0,44884,0,358058,0,0,384479,386713,7962.9,11.97
PA,2003,167346,717461,1599175,1461986,14303,1446911,774989,774989,109946,110613,32032.2,11.81
RI,2003,0,80339,0,101,0,102986,0,0,3787,3827,2400.1,14.28
SC,2003,0,151904,0,419663,0,495840,525453,525453,103796,103801,11025,11.1
SD,2003,1104,43868,0,43017,7175,112417,0,0,67639,57222,2085.8,11.17
TN,2003,1862,265806,65617,621425,1804,755961,251718,251718,190000,184237,15251.3,10.63
TX,2003,5902223,4177143,594734,1603971,2323851,5978967,348485,348485,115456,117593,83176.3,9.76
UT,2003,289597,163527,536150,379185,75963,276298,0,0,10252,10520,4782.8,10.19
VA,2003,148815,272055,827937,464353,104,934350,258633,258633,104227,110936,17915.2,11.27
VT,2003,0,8441,0,25,0,87073,46317,46317,24054,24055,1681.6,14.66
WA,2003,0,255839,97712,118207,0,723154,79360,79360,829196,834753,13364.5,11.5
WI,2003,0,397869,0,488239,0,579881,127310,127310,115460,118300,14266.3,11.32
WV,2003,212496,135367,3524504,978415,8590,211544,0,0,19809,21237,4669.7,9.68
WY,2003,1714636,120433,6551331,493897,307226,159203,0,0,12064,11638,2483.4,8.8
US,2003,21943403,22822564,22054837,22322634,11959565,38713457,7959622,7959622,5942366,5944059,755070.3,11.44
AK,2004,543764,407944,23587,14075,1928158,334121,0,0,18416,18876,4148.2,11.07
AL,2004,348224,391927,531179,853917,43169,609981,329898,329898,290697,293280,15099.3,11.27
AR,2004,189912,217921,157,270210,39133,361081,161111,161111,112915,112971,8491.9,11.96
AZ,2004,337,356264,278231,425413,313,558357,293158,293158,81376,82473,13848.2,15.36
CA,2004,356787,2462247,0,68909,1392800,3670782,315634,315634,697459,768889,89950.2,15.17
CO,2004,1149273,440720,889060,390186,130686,490984,0,0,22469,29099,11807.9,12.48
CT,2004,0,165862,0,43997,0,451366,172470,172470,30189,42965,10599.9,15.94
DC,2004,0,33097,0,741,0,30534,0,0,942,943,1714.9,16.74
DE,2004,0,49722,0,53599,0,127465,0,0,1435,1436,2439.8,14.01
FL,2004,4374,757672,0,699055,16843,2095087,325516,325516,179754,179495,41130.8,15.21
GA,2004,0,406436,0,834991,0,1079645,351921,351921,226890,226761,25535.2,12.42
HI,2004,0,155,0,17913,0,282864,0,0,13768,13786,4024.6,17.73
IA,2004,0,198017,0,443221,0,414787,51399,51399,174335,111271,10009.4,11.9
ID,2004,0,78273,0,12336,0,156496,0,0,112379,112080,3740.4,11.68
IL,2004,242,955972,722774,1069538,63707,1285139,959869,959869,154365,126588,33593.6,12.47
IN,2004,3432,526391,786209,1614210,10179,865025,0,0,54883,58085,20730.1,10.19
KS,2004,456781,260117,1665,385498,196498,412120,105664,105664,28341,19571,8795.6,12.56
KY,2004,100915,233361,2845496,961759,14778,703989,0,0,69142,71188,13524,11.08
LA,2004,1609900,1393140,51659,256716,482978,2065896,178110,178110,185640,189772,28745.7,10.12
MA,2004,0,383625,0,105075,0,736401,61928,61928,51070,51781,17815.8,16.33
MD,2004,35,201801,129130,327239,0,590242,152043,152043,53425,53460,14113.4,13.87
ME,2004,0,89581,0,7336,0,260353,0,0,136769,136776,4655.4,12.55
MI,2004,271801,938628,0,773825,34516,979694,318700,318700,108765,118153,26772.5,12.14
MN,2004,0,362346,0,378775,0,688025,138645,138645,125527,114862,15167.2,12.14
MO,2004,0,268289,12385,807466,510,744126,81658,81658,40841,44121,16239.4,12.71
MS,2004,87181,290512,36619,184992,111604,480422,106707,106707,61251,61297,9494.9,12.56
MT,2004,100261,68567,721570,195620,143364,176136,0,0,101507,101639,3173,12.37
NC,2004,0,232214,0,782692,0,930984,418065,418065,139795,147627,23221.1,13.92
ND,2004,68399,56410,392966,398381,180682,133016,0,0,25922,24137,2537.8,8.77
NE,2004,1489,116006,0,223624,14535,233553,106796,106796,91627,52142,5404.9,12.21
NH,2004,0,63829,0,43446,0,205481,106132,106132,34923,34926,3948.8,15.58
NJ,2004,0,644467,0,112707,0,1164799,282407,282407,27231,27603,26164.3,14.31
NM,2004,1828178,229164,510869,309418,374199,255866,0,0,12326,11714,5203.6,13.56
NV,2004,5,221648,0,193634,2685,260161,0,0,34321,38001,7056,15.68
NY,2004,47247,1126597,0,276470,986,1823746,423797,423797,358876,383432,48172.5,15.67
OH,2004,94628,862397,568593,1391290,33541,1303260,166328,166328,51267,66807,34592.2,12.84
OK,2004,1838548,555273,41850,372093,371067,526834,0,0,62058,62153,11306.6,12.33
OR,2004,473,238049,0,36460,0,368456,0,0,384622,387006,9090.6,13.21
PA,2004,206085,723189,1600275,1474310,13897,1475233,807739,807739,110371,118023,35785.3,13.13
RI,2004,0,74352,0,76,0,98408,0,0,3846,4535,2637.9,16.01
SC,2004,0,169518,0,433868,0,569746,533920,533920,97431,97441,13170.8,12.4
SD,2004,1095,41757,0,43562,7871,113059,0,0,83757,60251,2355.8,12.8
TN,2004,2169,238761,73354,648005,2094,765424,298369,298369,185184,179906,17442,12.17
TX,2004,5764490,4039787,572489,1626029,2277741,6161669,421660,421660,120812,123497,98235.3,11.41
UT,2004,297852,164154,490146,399704,85515,277475,0,0,10581,10715,5653.1,11.39
VA,2004,88073,285607,817769,452557,110,995785,295272,295272,110959,117963,21026.2,12.67
VT,2004,0,8708,0,25,0,95317,40231,40231,22039,22042,1988.3,15.96
WA,2004,0,269572,89958,112539,0,749526,93660,93660,817635,819551,15460,13.06
WI,2004,0,385999,0,499212,0,606012,123966,123966,108745,108704,16025.9,12.75
WV,2004,222720,129358,3724793,937062,10063,230361,0,0,19228,20765,5385.5,10.85
WY,2004,1772333,111878,6908962,500526,301252,153076,0,0,14434,14039,2859.7,10.31
US,2004,21549505,22927283,22821746,22464302,11550085,40148362,8222774,8222774,6062543,6074599,871210.2,12.9
AK,2005,548394,434704,22682,13994,1829245,333091,0,0,15866,15930,5215.8,13.99
AL,2005,327318,363398,518423,890098,45594,606840,330761,330761,279600,279983,18088.3,13.56
AR,2005,193576,216600,67,247169,35815,358312,142864,142864,112661,112738,10416.1,14.46
AZ,2005,239,329302,263426,428445,290,573763,269327,269327,78333,92285,16665.8,17.87
CA,2005,354384,2304463,0,67422,1335334,3741092,377313,377313,741338,819440,103574.2,17.46
CO,2005,1219801,478520,857038,386670,134717,489645,0,0,32983,35558,14654.8,15.15
CT,2005,0,171150,0,42023,0,443947,162406,162406,25727,29171,12423.7,19.62
DC,2005,0,33753,0,939,0,28656,0,0,47,263,2013,20.08
DE,2005,0,48639,0,56716,0,135389,0,0,954,1886,2937.2,16.48
FL,2005,3637,805446,0,672309,14993,2130793,300127,300127,184304,187675,49999,17.97
GA,2005,0,427825,0,901010,0,1120350,329092,329092,216430,218423,32370.7,15.29
HI,2005,0,195,0,16506,0,293847,0,0,12935,14186,4996.9,21.39
IA,2005,0,210742,0,429777,0,428465,47362,47362,215149,124866,12256.1,14.3
ID,2005,0,78118,0,11286,0,159726,0,0,121084,122267,4531.4,13.65
IL,2005,234,972710,727433,1047532,59201,1403414,973293,973293,138337,109784,41443.4,14.75
IN,2005,3191,535512,768995,1594399,10017,859731,0,0,58589,63826,25074.3,12.6
KS,2005,432051,258695,3955,379823,194996,341906,92055,92055,31101,22986,9303.3,14.9
KY,2005,97907,240853,2973897,986263,14703,697645,0,0,67438,74724,16633.5,13.57
LA,2005,1514680,1367497,61534,253518,436154,1975571,163598,163598,151309,151854,35459.1,13.13
MA,2005,0,386339,0,119333,0,737337,57138,57138,40795,46953,21568.6,19.51
MD,2005,48,211830,126671,329304,0,603981,153443,153443,43642,48562,17428.9,16.83
ME,2005,0,64818,0,7059,0,263938,0,0,159674,160078,5619.3,14.89
MI,2005,270311,927535,0,799463,33257,978894,343048,343048,116821,130906,32127.3,14.53
MN,2005,0,372082,0,379114,0,700917,133948,133948,142459,123801,18259.1,14.45
MO,2005,0,273386,12954,835663,499,741961,83807,83807,52554,54637,19679,15.12
MS,2005,77573,310713,36231,176286,102631,455899,105172,105172,62678,62951,11395.5,15.37
MT,2005,114001,71089,726845,199495,190165,182921,0,0,113989,114898,4036.5,14.89
NC,2005,0,237525,0,811939,0,947056,417249,417249,145275,147480,27966.3,16.51
ND,2005,67863,49643,392566,431133,206915,136531,0,0,23400,22847,3123.2,10.5
NE,2005,1183,120125,0,228667,13966,228762,91856,91856,94833,51713,6448,14.69
NH,2005,0,72934,0,44169,0,190420,98682,98682,41288,42485,4602.9,18.46
NJ,2005,0,625429,0,125332,0,1225835,327604,327604,19937,29321,30945.9,16.31
NM,2005,1828036,225352,536980,317916,353585,254624,0,0,24068,23591,6403.3,16.54
NV,2005,5,236007,0,197799,2593,275627,0,0,34479,38191,8493,18.01
NY,2005,56560,1107206,0,256879,1172,1807239,442937,442937,365538,374254,56292,19.01
OH,2005,87155,860874,606427,1481045,32816,1280172,154481,154481,54495,73750,41386.2,15.39
OK,2005,1824461,600011,39664,397379,355320,557797,0,0,61329,65251,14247.8,14.83
OR,2005,468,239539,0,35624,0,374572,0,0,364066,368234,10720.1,15.26
PA,2005,176552,719117,1607811,1490836,14268,1498536,796157,796157,104224,109625,42406.8,15.66
RI,2005,0,82460,0,76,0,97180,0,0,879,1923,3098.9,19.02
SC,2005,0,178308,0,431086,0,547413,554544,554544,104205,105466,15556.8,14.93
SD,2005,999,42848,0,36952,8085,118214,0,0,93723,61504,2910.6,15.18
TN,2005,2277,238400,82083,657711,1879,782703,290153,290153,167074,174097,21504,14.65
TX,2005,5973867,3621139,595612,1627863,2277086,5987815,398994,398994,138300,140202,118064.4,14.72
UT,2005,321479,168770,554221,405546,96703,287599,0,0,13607,15773,6980.2,13.73
VA,2005,92154,311537,716557,458452,151,998762,291357,291357,127185,132464,25908.1,14.98
VT,2005,0,8396,0,25,0,90539,42491,42491,24325,24499,2296.9,18.66
WA,2005,0,272167,82685,112284,0,768653,86016,86016,807731,815363,18344,14.99
WI,2005,0,415583,0,522521,0,596603,103535,103535,144880,145127,19225.8,15.08
WV,2005,250088,124984,3848482,959657,9837,231304,0,0,28331,28742,6390.2,13.24
WY,2005,1811903,112863,7019843,490940,300266,155289,0,0,19105,19291,3610.7,12.94
US,2005,20900370,22567132,23183084,22793450,10974163,40227276,8160810,8160810,6219077,6231821,1045730.4,15.57
AK,2006,497073,375719,22230,14981,1568790,342272,0,0,13298,13481,6118.4,16.61
AL,2006,326288,402044,443032,886678,43726,611265,332992,332992,266153,266931,20165.3,14.96
AR,2006,278724,240885,516,256907,34498,358679,158952,158952,100949,100633,11450.5,15.78
AZ,2006,623,365230,179356,431985,319,582623,250568,250568,80771,95745,18868.5,19.7
CA,2006,351706,2375929,0,67017,1293487,3786528,333488,333488,822155,897576,115739.4,19.4
CO,2006,1295490,458911,805711,394348,142106,506709,0,0,45458,42229,16309.6,16.94
CT,2006,0,175870,0,45722,0,391609,173111,173111,25700,35689,13711.2,23.09
DC,2006,0,29775,0,0,0,22535,0,0,51,619,2161.3,24.03
DE,2006,0,44787,0,56625,0,122657,0,0,870,3619,3421.5,19.76
FL,2006,3501,917468,0,696215,13688,2018975,327934,327934,186848,192085,58757.6,20.75
GA,2006,0,433920,0,892732,0,1089023,333981,333981,207730,210818,34265.7,16.45
HI,2006,0,179,0,16102,0,295474,0,0,13998,15528,5729.1,24.33
IA,2006,0,207162,0,435187,0,435701,53171,53171,271182,142841,13544.5,15.59
ID,2006,0,79041,0,8212,0,165353,0,0,146507,147673,5076.3,15.07
IL,2006,236,896138,740927,1045398,59879,1340467,982498,982498,136525,109454,42631,15.91
IN,2006,2971,499753,783367,1587100,10283,860450,0,0,48968,55594,27080.2,13.91
KS,2006,424422,269274,9591,364212,206874,351672,97570,97570,39697,28423,10508.3,16.19
KY,2006,101101,217166,3000879,1023263,13572,699444,0,0,62393,70058,18136.5,15
LA,2006,1571921,1346690,57533,265214,426990,2127341,174634,174634,149821,150707,40601,14.25
MA,2006,0,378026,0,112173,0,648398,60832,60832,45553,62215,24313.7,23.41
MD,2006,50,189179,122170,324657,0,538678,144320,144320,45594,59415,19403.3,20.02
ME,2006,0,67557,0,6618,0,235253,0,0,152339,152966,6214.9,17.13
MI,2006,271909,816993,0,773595,33924,926618,303305,303305,117111,130017,34457,16.66
MN,2006,0,358198,0,370814,0,680945,137569,137569,164929,129807,19840.6,16.08
MO,2006,0,257924,8549,829054,505,736536,105567,105567,45213,43545,21411.9,16.67
MS,2006,84536,315909,38844,190057,100665,469598,108718,108718,63223,63632,13028.1,16.98
MT,2006,116906,75135,754967,194307,210505,194283,0,0,122239,123334,4684,16.38
NC,2006,0,230169,0,777871,0,918121,417016,417016,136769,139856,30080.3,18.16
ND,2006,71364,50007,397481,414838,229628,136542,0,0,26086,25802,3404.8,11.36
NE,2006,1214,131424,0,227444,13415,228780,93943,93943,103072,55259,7216.7,15.94
NH,2006,0,64644,0,44807,0,167795,98067,98067,33103,36022,4994.9,21.84
NJ,2006,0,566724,0,116093,0,1175190,339846,339846,22080,47800,34337.7,19.02
NM,2006,1780567,227661,485090,316221,344822,268257,0,0,29384,28385,7181.5,18.35
NV,2006,5,257595,0,84225,2471,291217,0,0,38352,41987,9958.6,20.05
NY,2006,57156,1120196,0,256345,1810,1556773,440606,440606,378622,401535,58973.5,21.14
OH,2006,89688,770872,557935,1450797,31546,1289366,175798,175798,55793,77290,44539.7,17.14
OK,2006,1880459,644381,43052,384418,372569,583533,0,0,50325,54844,16329.9,16.46
OR,2006,641,229731,0,26895,0,381213,0,0,433010,438058,12219.4,16.91
PA,2006,184081,684695,1583197,1499292,15016,1430279,785731,785731,107632,119645,46149.4,17.57
RI,2006,0,78517,0,49,0,90465,0,0,2629,5429,3476.4,22.56
SC,2006,0,181895,0,432220,0,551756,530071,530071,100251,100539,16951,16.12
SD,2006,966,40861,0,39570,8062,116224,0,0,114833,71514,3188,16.84
TN,2006,2764,230047,71957,677174,1114,785896,257523,257523,143513,151732,23803.8,16.38
TX,2006,6249274,3544789,593496,1610301,2276390,6086196,430593,430593,154257,193518,136021.7,16.78
UT,2006,372099,197894,593321,382757,103977,310505,0,0,13202,15066,8294.6,15.88
VA,2006,106530,283456,768443,433606,99,958756,287938,287938,119684,133344,27851.1,16.63
VT,2006,0,8062,0,27,0,88725,53287,53287,27595,27854,2533.6,21.03
WA,2006,0,271034,40268,69150,0,795563,97341,97341,928254,937172,21188.4,16.46
WI,2006,0,376559,0,462732,0,589851,127657,127657,144625,140855,20666.4,16.75
WV,2006,265874,126316,3802035,958880,10011,236344,0,0,28268,28884,7044.4,14.39
WY,2006,1990659,112929,7739988,489325,307249,166896,0,0,19351,19573,4276.9,14.55
US,2006,21381434,22225318,23643934,22444214,10766766,39743329,8214626,8214626,6585966,6636591,1158820.6,17.4
AK,2007,489308,372186,20654,13662,1528851,323089,0,0,14037,14286,6272,17.94
AL,2007,307971,430649,469036,888436,41592,601179,360036,360036,228703,229491,21315.1,16.06
AR,2007,273910,229610,1863,275037,34980,359757,162434,162434,121735,121766,12200.2,16.68
AZ,2007,670,401992,173934,438524,249,571417,280920,280920,83248,97679,20137.4,20.87
CA,2007,343379,2467545,0,66495,1267404,3795097,375427,375427,632075,707404,121101,20.15
CO,2007,1336499,512841,815511,388586,151861,513431,0,0,54145,50616,17030.5,17.06
CT,2007,0,183604,0,39931,0,377002,171874,171874,24028,36171,15146.3,25.31
DC,2007,0,33856,0,502,0,21547,0,0,54,741,2371.5,24.57
DE,2007,0,49932,0,63839,0,119810,0,0,1529,4972,3646.3,21.06
FL,2007,2071,943845,0,720824,12052,1938437,307215,307215,191796,199921,60500,21.67
GA,2007,0,455220,0,934773,0,1052558,341364,341364,201333,205849,35464.7,17.33
HI,2007,0,173,0,17107,0,303540,0,0,15029,16995,6177.1,24.98
IA,2007,0,264166,0,465167,0,420924,47398,47398,342569,176851,14669.3,16.09
ID,2007,0,83904,0,10261,0,162468,0,0,125621,127411,5437.1,15.91
IL,2007,1479,968652,748745,1091382,55732,1324077,1004100,1004100,168587,130912,47370.7,17.3
IN,2007,3685,543800,783017,1572084,10017,834645,0,0,72434,67602,28301.6,14.46
KS,2007,414251,291695,9313,396333,212222,402282,108762,108762,49690,36181,12577.4,17.32
KY,2007,100611,235876,2872880,1020709,15463,690076,0,0,56251,65820,19714.5,16
LA,2007,1577182,1430621,42871,249800,446472,2130984,179127,179127,150497,151977,43812.3,15.14
MA,2007,0,418907,0,120168,0,647827,53701,53701,38235,59616,25774.9,24.18
MD,2007,36,208439,53756,327979,0,531469,150551,150551,40873,58135,21300.8,21.62
ME,2007,0,67227,0,6583,0,233431,0,0,155620,156513,6964.6,18.83
MI,2007,274595,814887,0,801178,33211,919768,330581,330581,133054,140683,36088.5,17.57
MN,2007,0,395658,0,366208,0,678958,137437,137437,185052,153230,21749.6,17.12
MO,2007,0,277919,5290,802879,464,730638,98302,98302,65428,62175,23240.1,17.8
MS,2007,95280,374990,36159,185063,119898,460954,98164,98164,66060,64570,13387.8,17.35
MT,2007,121193,75077,778069,202480,202461,206442,0,0,117749,119592,5271.7,17.28
NC,2007,0,244475,0,827974,0,920732,420029,420029,113126,117419,32202,19.41
ND,2007,76920,56842,385056,420719,259770,139972,0,0,43992,32353,3958.3,12.75
NE,2007,1583,153490,0,216872,13543,229195,115815,115815,129955,64219,7956.6,16.73
NH,2007,0,64856,0,44899,0,165020,112902,112902,34804,38434,5338.4,23.25
NJ,2007,0,640236,0,111799,0,1241757,335757,335757,20736,52951,38007.3,19.67
NM,2007,1690846,239858,455522,296067,343238,277635,0,0,32764,32003,7855.5,19.16
NV,2007,5,262547,0,82871,2366,285879,0,0,37718,42138,10538.9,21.28
NY,2007,56206,1214349,0,258450,2198,1562784,445288,445288,363732,392381,63250.7,21.98
OH,2007,91366,835555,555706,1463773,29899,1284301,165349,165349,62087,84298,47612.3,17.77
OK,2007,1978256,677472,34845,373217,364826,563473,0,0,74304,82596,17059.8,17.07
OR,2007,422,260240,0,45461,0,374647,0,0,396903,402132,13149.4,18.21
PA,2007,190587,780090,1557006,1491907,16170,1402752,811600,811600,106474,121913,48798.9,18.34
RI,2007,0,90259,0,39,0,87046,0,0,2779,6398,3558,22.96
SC,2007,0,182201,0,444046,0,533797,558014,558014,98956,97885,17708.3,17.2
SD,2007,998,54099,0,33256,9651,117482,0,0,115685,69575,3616.8,17.69
TN,2007,4092,229520,67714,672766,1647,773597,301038,301038,116436,126960,25111.3,17.32
TX,2007,6850716,3626526,554720,1609155,2269314,5917140,429577,429577,197390,250482,142017.3,17.79
UT,2007,399971,231125,556436,391386,113303,299418,0,0,11031,14230,8693.9,16.51
VA,2007,115979,331018,656314,458200,110,958752,286019,286019,117796,135794,29867.3,17.56
VT,2007,0,8874,0,34,0,86757,49337,49337,18652,19025,2723.7,22.9
WA,2007,0,279429,0,95737,0,820408,85051,85051,884848,894490,23030.5,17.71
WI,2007,0,403947,0,465083,0,584630,135416,135416,150029,142051,22363.5,17.95
WV,2007,262708,124555,3855269,983259,11554,235366,0,0,26024,26873,7590.2,15.02
WY,2007,2231308,145985,7847634,494955,313873,169430,0,0,18322,18963,4489.6,14.95
US,2007,22182362,23670821,23337321,22747914,10741443,39383775,8458589,8458589,6509976,6522719,1233868.7,18.34
AK,2008,448503,343938,23041,14705,1449379,278725,0,0,12913,13126,7549.4,23.91
AL,2008,289280,414260,506837,842826,44637,566323,407551,407551,234001,237856,24410.3,19.22
AR,2008,453357,238424,1548,278849,35258,354937,148085,148085,124882,126307,14387.8,19.96
AZ,2008,537,409966,173998,458727,313,542166,305726,305726,96744,111984,22394.7,23.95
CA,2008,331830,2472612,0,63050,1244291,3553537,339506,339506,604057,680290,134480.1,23.25
CO,2008,1493824,508491,714673,385416,173687,486432,0,0,80049,77341,19560.4,19.81
CT,2008,0,169802,0,45188,0,339919,161305,161305,26348,36453,16223.9,29.1
DC,2008,0,32774,0,391,0,18444,0,0,63,563,2493,27.52
DE,2008,0,49749,0,60891,0,112725,0,0,2950,5787,4129.6,24.35
FL,2008,2545,970038,0,693161,11327,1717483,335857,335857,195231,242563,67432.2,25.21
GA,2008,0,436093,0,885849,0,946224,331235,331235,174517,198357,40523.7,21.01
HI,2008,0,148,0,18095,0,239055,0,0,15907,19327,6828.5,35.87
IA,2008,0,297357,0,485218,0,423828,55210,55210,413336,213180,17242.1,18.05
ID,2008,0,90550,0,8604,0,152495,0,0,133541,132857,6097.9,18.09
IL,2008,1266,1003219,758122,1103163,54694,1274262,994526,994526,199716,160653,54789.7,19.87
IN,2008,4762,555489,803043,1558078,10782,778521,0,0,131764,99311,32469.4,17.08
KS,2008,427313,292523,5139,371804,230045,349719,88812,88812,85267,58223,13469.9,19.85
KY,2008,121259,233165,2927900,1024816,15341,645708,0,0,61024,71481,22712.4,19.07
LA,2008,1562562,1369823,54763,262470,419607,2193330,160658,160658,109774,114723,57869.7,19.87
MA,2008,0,415247,0,106897,0,621929,61339,61339,42731,60558,29228.1,27.38
MD,2008,29,202744,65597,309294,0,507179,153422,153422,44833,60163,24170.5,25.32
ME,2008,0,74494,0,5908,0,201971,0,0,182576,186763,7599,20.35
MI,2008,161842,797534,0,799969,36946,836361,329075,329075,146310,158418,39005,19.53
MN,2008,0,435086,0,359359,0,643535,135843,135843,218973,179586,24656.6,19.06
MO,2008,0,298421,5413,792918,574,675205,98025,98025,89945,84232,25757.2,20.36
MS,2008,114855,364237,28807,177166,128203,422379,98215,98215,50044,50436,15499.9,21.34
MT,2008,116656,77645,794235,203260,183257,192417,0,0,123136,125437,6049.7,20.47
NC,2008,0,249654,0,794693,0,883566,415742,415742,143052,167201,37076.4,22.11
ND,2008,68855,60480,387403,424615,361468,137092,0,0,58719,43508,4677.4,14.99
NE,2008,3116,172858,0,234654,13885,219571,99075,99075,177032,84810,9103,18.65
NH,2008,0,74025,0,40241,0,160994,97729,97729,39884,43631,6041.2,26.66
NJ,2008,0,634694,0,97671,0,1216492,336500,336500,23381,50637,44711.1,23.61
NM,2008,1608955,252831,475817,284346,348899,241949,0,0,35367,36694,8485.7,22.56
NV,2008,4,274915,0,88619,2529,259144,0,0,37866,44483,11117.3,23.67
NY,2008,51377,1205137,0,228985,2245,1480358,451622,451622,399476,428750,71673.5,25.29
OH,2008,88252,823457,638424,1438432,29510,1232449,183055,183055,110716,116287,53732.5,20.36
OK,2008,2099841,711379,29851,391688,390334,540101,0,0,75383,87945,20580.9,20.39
OR,2008,796,274659,0,41408,0,356012,0,0,414454,418899,14780.8,20.88
PA,2008,207599,778251,1591997,1421091,17394,1380331,822134,822134,117868,147224,56585.9,21.41
RI,2008,0,91220,0,0,0,89555,0,0,2965,6306,4124.9,26.42
SC,2008,0,175858,0,445454,0,502602,541026,541026,96543,106872,20631.3,20.56
SD,2008,1649,65453,0,43098,9860,112732,0,0,144447,82021,4223.3,19.66
TN,2008,4874,238441,59086,643796,1960,714765,282514,282514,135439,150056,29078,20.63
TX,2008,7711507,3653462,515493,1605925,2354440,5245208,425682,425682,306973,351072,161247.2,21.71
UT,2008,463709,237414,564147,395878,127826,279173,0,0,13953,17793,9741.4,18.7
VA,2008,133335,310647,623303,415102,93,870324,291932,291932,117907,140866,34088.7,21.18
VT,2008,0,8665,0,0,0,77454,51163,51163,27029,28824,2990.1,27.01
WA,2008,0,307085,0,94601,0,766791,96886,96886,882230,898118,26365,20.61
WI,2008,0,415109,0,480712,0,558483,127039,127039,178495,160022,25079.5,20.14
WV,2008,277186,119617,3870325,955628,12331,221682,0,0,29407,33587,8672.2,17.64
WY,2008,2463041,147129,8087435,500109,307661,169975,0,0,21703,22477,5456.1,17.86
US,2008,23102917,23836273,23706398,22382816,10613292,36791612,8426491,8426491,7190918,7174060,1408759.3,21.53
AK,2009,443666,343971,29016,14505,1365958,264885,0,0,15685,15912,5487.2,18.22
AL,2009,267121,466272,459529,630969,41696,517082,415392,415392,264530,274392,18497.3,16.55
AR,2009,691076,248100,112,264083,33379,335123,158663,158663,125695,130887,10567.4,15.64
AZ,2009,727,377504,160706,413260,267,497660,320692,320692,80882,96257,17469.9,20.14
CA,2009,310439,2391374,0,52403,1202120,3405446,332218,332218,646698,725594,104556.9,18.68
CO,2009,1620932,525999,614581,350224,176285,465666,0,0,80083,78297,14673.9,15.52
CT,2009,0,188570,0,26265,0,338792,174220,174220,29512,41664,13357.5,23.65
DC,2009,0,34339,0,331,0,22477,0,0,48,619,2342.6,24.38
DE,2009,0,51651,0,33938,0,85876,0,0,3574,6637,3563.7,21.23
FL,2009,263,1081725,0,581517,4037,1576612,304544,304544,213639,272931,54481.6,21.32
GA,2009,0,475240,0,723449,0,991848,331368,331368,195373,220565,32128.5,16.7
HI,2009,0,167,0,17083,0,238955,0,0,15792,19688,4804.8,25.21
IA,2009,0,283990,0,444574,0,416419,48937,48937,547827,289408,13397.1,14.31
ID,2009,0,87072,0,8443,0,144545,0,0,134502,136273,4922.9,15.56
IL,2009,1503,956553,783300,1014972,52774,1196579,998562,998562,251020,186174,40662.2,15.78
IN,2009,5001,511289,800172,1365413,10457,747721,0,0,157512,118682,24606.7,14.04
KS,2009,399685,292425,4296,356079,228903,346515,91710,91710,91075,66668,10310,15.67
KY,2009,121695,214261,2616139,937106,15132,640072,0,0,72836,85039,17505.7,15.28
LA,2009,1731327,1315265,50481,252519,400009,2043025,175524,175524,107145,119238,34713.8,12.79
MA,2009,0,408509,0,92056,0,571126,56437,56437,49324,69061,22716.6,22.08
MD,2009,45,203604,53448,266860,0,508121,152180,152180,48410,66644,20138.6,21.11
ME,2009,0,73569,0,1652,0,202702,0,0,148204,153514,5760.9,17.48
MI,2009,160080,750783,0,735907,36296,803633,228540,228540,131656,149749,31281.9,16.8
MN,2009,0,405516,0,328678,0,593753,129623,129623,262846,203854,18439.1,15.38
MO,2009,0,266711,9626,765617,615,644431,107175,107175,101279,92068,20033.9,16.69
MS,2009,116540,371245,35109,141675,135302,399195,115033,115033,55625,56832,11558.1,16.83
MT,2009,101900,76635,703719,172812,161443,182297,0,0,113798,116455,4486.6,16.14
NC,2009,0,252729,0,678673,0,798784,427226,427226,148859,179898,28801.6,18.53
ND,2009,80485,51921,391800,423267,462794,127743,0,0,85152,64260,3410.7,11.34
NE,2009,2943,165418,0,249593,12986,216104,98682,98682,178841,86963,7189.6,14.88
NH,2009,0,62049,0,32844,0,154095,92214,92214,45367,49904,4905.1,22.09
NJ,2009,0,638324,0,59563,0,1030179,359036,359036,33744,66283,33094,19.11
NM,2009,1549619,247947,466100,306162,354832,226557,0,0,31000,33261,6328.2,17.86
NV,2009,4,284007,0,83812,2540,237095,0,0,46713,54225,8896.2,20.01
NY,2009,45791,1166614,0,155965,1931,1385849,454806,454806,369963,409737,56046.9,20.73
OH,2009,92466,770759,670150,1267267,28362,1124661,159040,159040,97090,114671,40806.2,16.99
OK,2009,2124055,681062,18277,373271,389609,504395,0,0,81605,92578,14994.5,15.92
OR,2009,841,254837,0,33150,0,348602,0,0,415649,423040,12037,17.58
PA,2009,286260,839453,1439895,1223937,17209,1246075,808770,808770,128934,165867,43376.3,18.13
RI,2009,0,94877,0,0,0,91589,0,0,3565,7418,3436.5,21.52
SC,2009,0,197419,0,371981,0,512746,545434,545434,103035,121866,16347.2,16.76
SD,2009,2133,66317,0,37480,9651,115110,0,0,179384,106123,3406.6,15.42
TN,2009,5631,223019,50347,477713,1554,655512,281996,281996,179234,192435,22021.9,17.14
TX,2009,7572107,3481133,455507,1497854,2316097,5058739,434024,434024,304800,352946,111233,15.75
UT,2009,475218,223646,502598,364994,133064,264282,0,0,15950,20364,7424.9,15.03
VA,2009,145805,330369,535643,334605,70,810586,295072,295072,115242,144884,26661.1,17.56
VT,2009,0,8679,0,0,0,84448,56067,56067,31572,34193,2552.1,21.15
WA,2009,0,319739,0,84048,0,732582,69385,69385,832840,853813,20982.3,16.78
WI,2009,0,392485,0,425941,0,518538,132653,132653,171835,153699,19382.5,16.7
WV,2009,301044,118643,3379357,742922,8706,191464,0,0,45121,50902,6834.9,15.98
WY,2009,2536150,147220,7459876,473912,298880,163336,0,0,34009,35036,3935.8,13.64
US,2009,23689477,23421003,21689785,19691342,11340125,34779630,8355220,8355220,7624076,7607468,1066528.4,17.26
AK,2010,419310,334978,33556,14548,1269643,272455,0,0,16965,17148,6320.1,20.56
AL,2010,256117,544405,493094,718684,41499,521156,396557,396557,242242,266139,21629.4,17.8
AR,2010,938086,274774,718,293689,33251,342608,157017,157017,126234,138624,12309,16.87
AZ,2010,186,336208,167930,457909,215,549707,326102,326102,84742,100835,20320.2,22
CA,2010,320668,2325411,0,54972,1162146,3248203,336562,336562,713821,836280,116275.5,21.23
CO,2010,1730439,505628,551825,382623,191794,483122,0,0,83518,82338,17068.6,17.54
CT,2010,0,203814,0,28711,0,331959,175074,175074,30339,43526,14328.9,25.6
DC,2010,0,33717,0,71,0,24139,0,0,109,1118,2487.1,25.71
DE,2010,0,56086,0,30253,0,100897,0,0,3834,7751,3841.6,22.8
FL,2010,12645,1180462,0,637416,10307,1715374,250178,250178,230248,289743,60734.6,22.02
GA,2010,0,540943,0,767906,0,1052237,350268,350268,220521,247287,38095.8,18.31
HI,2010,0,161,0,17117,0,262031,0,0,15221,18177,6199.8,29.12
IA,2010,0,278751,0,493794,0,417223,46518,46518,618615,335054,14727.2,15.37
ID,2010,0,85075,0,8527,0,161121,0,0,133887,132245,5777.9,17.18
IL,2010,2191,962240,767419,1069037,52589,1204917,1005374,1005374,298292,216383,45198.7,17.25
IN,2010,6884,577423,790889,1449371,10643,719848,0,0,205601,148291,27360.1,15
KS,2010,370711,280413,3069,359908,234726,348037,99876,99876,103509,75257,11614.9,17.58
KY,2010,145590,239057,2556093,1009823,14610,644203,0,0,70808,84515,20414.9,17.22
LA,2010,2419335,1482948,54346,259750,392022,1961488,194818,194818,113294,134463,40658.6,14.82
MA,2010,0,447428,0,83850,0,587698,61853,61853,50619,75267,24780.2,23.25
MD,2010,44,217625,58798,266067,0,498084,146265,146265,48677,71889,21737.2,22.7
ME,2010,0,80988,0,2279,0,189831,0,0,159000,163927,6289.8,18.72
MI,2010,137245,758696,0,749285,40484,814514,309636,309636,148432,160224,34657.3,18.31
MN,2010,0,427186,0,315438,0,589241,140873,140873,291070,224987,20894,17.04
MO,2010,0,282123,9816,801625,847,645915,94027,94027,102435,100761,23035.1,18.73
MS,2010,102998,444875,41586,148463,139090,379283,100791,100791,63661,74760,12900.2,17.94
MT,2010,90618,72888,797035,203339,146926,171656,0,0,114782,117221,4766.1,18.25
NC,2010,0,308710,0,749091,0,875156,425810,425810,158386,189830,34287.7,20.16
ND,2010,107687,64263,377669,409684,652819,148277,0,0,109146,84009,4374.5,13.23
NE,2010,2240,169608,0,254552,13520,243230,115540,115540,280420,133695,8788.1,16.74
NH,2010,0,62612,0,33827,0,148187,114032,114032,45146,51207,5298.1,24.16
NJ,2010,0,671005,0,71961,0,919715,342526,342526,37069,74011,35475.6,21.66
NM,2010,1453109,246201,381448,267474,380300,226019,0,0,33674,39926,7300.9,20.09
NV,2010,4,267808,0,80228,2471,282396,0,0,48915,56443,10209.8,20.87
NY,2010,36601,1224484,0,167094,2210,1485219,437620,437620,366290,405824,64479.5,22.78
OH,2010,80778,810593,644947,1355137,27678,1091310,165192,165192,125530,129218,44137.3,18.11
OK,2010,2067225,697351,17580,346047,407137,523822,0,0,96019,108361,16989.2,17.13
OR,2010,1428,242914,0,42556,0,342072,0,0,398699,406526,12707.1,19.1
PA,2010,600932,909259,1485775,1310670,18780,1238775,813462,813462,159183,190969,48687.8,19.61
RI,2010,0,95710,0,0,0,88739,0,0,3723,7178,3688.3,23.62
SC,2010,0,225961,0,404966,0,506026,543379,543379,115370,134412,18970.9,18.55
SD,2010,1871,72926,0,39061,9321,114364,0,0,209935,128953,3887.6,17.22
TN,2010,5951,263365,45030,515464,1491,681223,289930,289930,166480,176941,25589.3,18.66
TX,2010,7549424,3689581,538258,1568060,2475249,5394188,432036,432036,389925,458187,136163.2,17.39
UT,2010,465967,229078,445692,356148,143045,258718,0,0,17677,22771,8405.8,17.03
VA,2010,151378,385768,564326,346161,70,844391,277729,277729,110819,143772,30698.7,19.13
VT,2010,0,8501,0,0,0,81464,49986,49986,32420,34817,2795.8,23.67
WA,2010,0,294871,0,94934,0,691874,96588,96588,822182,839885,22299.5,18.42
WI,2010,0,376627,0,458442,0,528503,138812,138812,204256,186264,21680.1,18.46
WV,2010,301043,121780,3346117,848129,10684,203955,0,0,45978,52218,8182.2,17.43
WY,2010,2512933,154759,7658286,484239,312562,166451,0,0,44768,45955,4599.5,15.37
US,2010,24592827,24568039,21831301,20828382,11610469,35321018,8434433,8434433,8312486,8265583,1214277.5,18.92
AK,2011,405691,339819,33524,15481,1188008,268848,0,0,16078,16702,7829,25.22
AL,2011,225570,609288,468671,651032,48563,521337,411822,411822,255849,279972,24444.2,20.06
AR,2011,1090851,288906,2985,306119,46040,337961,148531,148531,124986,135133,14194.2,19.59
AZ,2011,171,293134,174841,459909,215,552991,327292,327292,111992,129110,23656.7,25.23
CA,2011,280255,2196252,0,55264,1137798,3174345,383644,383644,834579,953565,133412.9,24.55
CO,2011,1822749,477208,586847,368871,229199,463660,0,0,106167,107753,19453.3,21.32
CT,2011,0,236016,0,6081,0,317397,166669,166669,30742,43360,15619.4,28.16
DC,2011,0,33389,0,48,0,22226,0,0,276,1296,2443.3,26.61
DE,2011,0,81710,0,17881,0,114686,0,0,4154,7844,4279,25.1
FL,2011,15352,1235953,0,552730,11733,1610356,230369,230369,227695,288638,68671.7,25.46
GA,2011,0,531596,0,634756,0,1016118,338052,338052,218510,246831,43577.6,21.62
HI,2011,0,158,0,16080,0,266019,0,0,16593,20402,8067.9,37.15
IA,2011,0,277576,0,463138,0,415548,54572,54572,668883,353478,16995.8,17.8
ID,2011,0,83947,0,7846,0,157999,0,0,178551,177760,6709.9,19.72
IL,2011,3600,986310,864228,1052224,53116,1182982,1002694,1002694,313508,233916,50813.4,19.4
IN,2011,9184,635117,840986,1333442,11525,710963,0,0,222940,156049,32160.5,17.82
KS,2011,355019,285318,840,346521,240700,328517,76585,76585,108558,81476,13203.6,20.36
KY,2011,134060,229048,2623804,1010623,13491,630806,0,0,78515,90457,23866.3,20.62
LA,2011,3233225,1535704,52440,269993,401812,1949628,173859,173859,119653,135127,47663.9,17.49
MA,2011,0,464018,0,42963,0,574191,53212,53212,53063,77232,27798.4,26.14
MD,2011,35,199132,65871,241190,0,480594,150655,150655,57772,80305,23551,25.42
ME,2011,0,75061,0,1542,0,188435,0,0,161563,166773,7396.4,21.87
MI,2011,143529,787337,0,691150,40820,796407,344155,344155,162097,176632,39718.4,20.73
MN,2011,0,424958,0,315604,0,580208,125134,125134,310097,241621,24229.7,19.84
MO,2011,0,275308,10075,825650,684,623832,98062,98062,103118,96371,26512.2,22.26
MS,2011,99589,437873,28822,107546,139449,369063,108164,108164,66402,75576,14547.9,20.73
MT,2011,77669,79470,746650,165687,140099,177760,0,0,140362,143494,5749.1,21.79
NC,2011,0,311189,0,624783,0,830733,424073,424073,156885,188541,37825,23.29
ND,2011,130722,72247,367624,394771,884129,184822,0,0,132334,102733,6399.3,17.13
NE,2011,1981,173657,0,285384,14755,231425,72549,72549,297829,144549,10040.9,19.33
NH,2011,0,72778,0,24489,0,147637,87508,87508,46132,52027,6166.4,27.72
NJ,2011,0,677521,0,49592,0,931578,351658,351658,38479,74190,39814.7,24.33
NM,2011,1397252,251838,405952,284737,414804,232633,0,0,36007,43298,8906.6,23.81
NV,2011,3,255970,0,62701,2366,267077,0,0,50243,58036,11085.8,23.35
NY,2011,31902,1247757,0,125181,2175,1387352,446761,446761,399587,438840,69658.9,25.3
OH,2011,81303,848771,679187,1222606,27011,1067554,155806,155806,139196,138111,49386.1,20.43
OK,2011,2153980,676910,19094,378320,475728,507576,0,0,100945,114750,19383.7,19.73
OR,2011,1372,203607,0,35135,0,331023,0,0,517321,526732,14791.9,22.12
PA,2011,1374471,1000507,1511491,1212984,19900,1208894,796798,796798,178878,215431,55660.6,22.72
RI,2011,0,102465,0,0,0,82254,0,0,3674,6901,3901.8,26.18
SC,2011,0,235465,0,366160,0,485250,553573,553573,117505,135879,21439,21.4
SD,2011,1857,73973,0,32112,9477,112687,0,0,234103,154349,4613.5,20.45
TN,2011,5638,267929,38576,481127,1717,673366,281682,281682,178951,191304,29718.9,22.05
TX,2011,8014144,3800578,605290,1695239,3072915,5393262,414881,414881,445552,524901,162238,20.49
UT,2011,496623,230672,453869,346181,152401,276715,0,0,24384,31282,10545.2,20.29
VA,2011,155174,383436,562805,288348,64,795625,267334,267334,104935,136050,34392.7,22.3
VT,2011,0,8677,0,0,0,79938,51351,51351,30553,33019,3252.2,27.92
WA,2011,0,272261,0,56951,0,694946,50293,50293,1063523,1080055,26723,21.48
WI,2011,0,399247,0,447370,0,516508,120962,120962,208295,186444,24669.1,20.91
WV,2011,442561,124935,3321102,822645,12447,199665,0,0,47219,53542,9368.9,20.53
WY,2011,2375342,161776,7591675,467671,316187,168323,0,0,60357,61810,5577.8,18.2
US,2011,26409448,24953771,22057248,19663856,12012299,34639718,8268698,8268698,9305589,9209646,1392467.9,21.87
AK,2012,399421,347228,31332,15521,1115926,250063,0,0,17796,17831,7577.2,25.58
AL,2012,229914,677380,488084,547004,55245,513993,427975,427975,242204,265964,24117.9,19.86
AR,2012,1164000,300572,2077,296732,38303,321213,162353,162353,114236,125377,13724.9,19.84
AZ,2012,119,339043,161374,420570,302,538460,334636,334636,97645,114315,23910.3,26.03
CA,2012,278232,2456371,0,43832,1143824,3079327,193939,193939,700597,818490,134569.5,25.17
CO,2012,1895207,456471,629645,370085,288608,458509,0,0,105522,108351,19424.3,21.84
CT,2012,0,236260,0,9290,0,300595,178959,178959,26888,38975,15196.5,28.63
DC,2012,0,29389,0,77,0,19354,0,0,269,1077,2208,25.43
DE,2012,0,104421,0,17384,0,108981,0,0,3558,7116,4248.7,24.63
FL,2012,785,1348390,0,482984,12383,1549928,187259,187259,223004,287354,67903.9,25.56
GA,2012,0,624338,0,435546,0,956122,355674,355674,206750,237974,41659,21.83
HI,2012,0,187,0,16572,0,259024,0,0,18095,21430,8289.5,38.6
IA,2012,0,266283,0,422595,0,392006,45552,45552,677165,370566,16020.3,17.68
ID,2012,0,90339,0,5186,0,153915,0,0,156516,156600,6796,20.28
IL,2012,2148,939024,1094204,969294,56451,1140419,1010189,1010189,325074,242375,47680.2,19.19
IN,2012,8920,654528,826842,1193465,13630,683759,0,0,197461,144690,31977.9,18.14
KS,2012,334965,268086,388,307585,253756,329269,86818,86818,113448,90046,13106.6,20.98
KY,2012,118611,232701,2193276,909705,18548,619187,0,0,68400,80329,22986,20.65
LA,2012,3052087,1585876,53041,238811,411841,1806173,164092,164092,115934,130783,39711.8,15.12
MA,2012,0,430920,0,24036,0,536809,61402,61402,49832,73171,26812.4,26.85
MD,2012,46,216558,54088,192334,0,470103,142297,142297,48798,71341,22970.8,25.63
ME,2012,0,70451,0,1299,0,170117,0,0,157339,162608,7086.6,21.88
MI,2012,135076,804084,0,621633,43204,778608,293619,293619,162374,179593,39184,21.33
MN,2012,0,430277,0,257875,0,585141,125159,125159,306232,246583,24004.4,20.07
MO,2012,0,258945,9197,768297,1015,599722,112317,112317,91803,84689,25775.7,22.6
MS,2012,65344,499946,30537,82456,139995,373429,76456,76456,79602,88539,14529.5,20.56
MT,2012,70814,75234,660148,157308,153665,173248,0,0,124376,127819,5621.8,22
NC,2012,0,367948,0,534713,0,802771,412722,412722,153134,186574,37440.4,23.72
ND,2012,231489,71873,366826,406344,1405653,199212,0,0,127540,99508,6966.4,17.98
NE,2012,1353,161770,0,272587,17545,233031,60795,60795,273441,132976,10170.8,19.9
NH,2012,0,74336,0,14191,0,138269,85814,85814,44615,50256,5986.5,28.38
NJ,2012,0,670827,0,25589,0,884720,346962,346962,42925,76886,37651.4,24.4
NM,2012,1367017,249815,409050,263439,496196,233394,0,0,37490,45164,8994.9,24.19
NV,2012,4,281432,0,52850,2134,261495,0,0,56544,63674,11223.8,23.72
NY,2012,27243,1260950,0,72914,2100,1341448,427277,427277,360110,399747,67387,25.39
OH,2012,87405,869556,642149,1019140,29713,1045080,179055,179055,140309,143509,48072,20.49
OK,2012,2295025,712411,22004,327089,585794,522769,0,0,119646,135556,19605.4,20.19
OR,2012,787,220578,0,28259,0,323741,0,0,498462,507768,14892.2,22.58
PA,2012,2368982,1079495,1390644,1093178,25050,1157559,787753,787753,168572,203830,54045,22.76
RI,2012,0,98435,0,0,0,78856,0,0,2951,6003,3828.2,26.58
SC,2012,0,250481,0,298572,0,468285,535952,535952,119713,138964,21123.7,21.83
SD,2012,15413,71501,0,35574,10173,116746,0,0,217380,140762,4768.5,21.03
TN,2012,6624,281007,28372,423086,2152,646741,263045,263045,166373,181037,28637,22.26
TX,2012,8523892,3964124,578697,1498818,4210452,5504726,402823,402823,461642,533395,152502,19.16
UT,2012,534130,232630,387129,322055,175218,269396,0,0,21011,28026,10614,21.15
VA,2012,151383,424000,493398,222270,52,796113,300992,300992,102365,134372,34741.6,22.73
VT,2012,0,8287,0,0,0,75387,52283,52283,26305,28836,3212.9,29.07
WA,2012,0,271947,0,42656,0,697816,97808,97808,1019829,1036980,26878,21.77
WI,2012,0,410305,0,373281,0,501822,149845,149845,199575,178205,24202,21.34
WV,2012,602587,140133,3059090,756716,14923,194403,0,0,44877,51398,9173.2,21.19
WY,2012,2240497,158546,6973727,490128,335286,172121,0,0,53775,55484,5789.2,18.68
US,2012,27872427,26075691,20585319,17380923,13848648,33833375,8061822,8061822,8889503,8852895,1355174.7,21.84
AK,2013,380655,332631,24917,14819,1089953,230765,0,0,18629,18931,6957.4,25.11
AL,2013,211258,625869,469162,565051,60366,492294,426488,426488,313682,336863,23972.2,18.89
AR,2013,1164319,288045,1433,327099,38680,321254,124816,124816,121335,132370,14004.7,19.3
AZ,2013,74,340375,163691,454865,348,543380,328423,328423,99051,119753,23907.4,25.7
CA,2013,287883,2480792,0,38151,1153782,3096230,187162,187162,743306,897358,135749.7,25.15
CO,2013,1799439,480875,529096,363532,384070,464287,0,0,119366,122946,19887.4,21.18
CT,2013,0,240102,0,7679,0,307661,178465,178465,30055,42952,15331.2,27.79
DC,2013,0,33725,0,4,0,18790,0,0,309,1179,2218.3,24.71
DE,2013,0,100682,0,18254,0,101393,0,0,3803,7619,3975.1,24.05
FL,2013,297,1245287,0,505155,12609,1588920,277169,277169,234151,301827,67935.3,25.11
GA,2013,0,634635,0,426184,0,975666,343801,343801,248877,284011,42706.8,21.46
HI,2013,0,197,0,15306,0,260346,0,0,22775,25989,8214.8,37.07
IA,2013,0,306419,0,402402,0,415110,55597,55597,705183,389728,16792.6,17.22
ID,2013,0,107089,0,7965,0,157372,0,0,140184,140544,7068.8,20.24
IL,2013,2933,1063511,1149607,1026925,55326,1169110,1014926,1014926,355728,268752,48730.1,18.37
IN,2013,8057,680051,883260,1198611,13914,721544,0,0,213708,157896,33172.4,17.97
KS,2013,321465,288274,541,326817,271707,338696,74902,74902,154217,132989,13785.4,21.15
KY,2013,106732,235703,1940060,914774,13369,582930,0,0,80673,96473,22728.8,20.8
LA,2013,2463608,1504969,38079,228055,418847,1762715,177156,177156,140427,151598,39313.3,15.27
MA,2013,0,435312,0,42208,0,564699,45251,45251,57090,82560,28062.5,26.49
MD,2013,33,206126,45290,183191,0,478356,149048,149048,53544,78496,23324,25.35
ME,2013,0,65886,0,1657,0,182365,0,0,161720,168347,7432.1,21.71
MI,2013,129758,831741,0,658172,45176,831484,302194,302194,188731,208916,40772,20.31
MN,2013,0,478611,0,267695,0,600937,111885,111885,305832,245622,25168.8,19.74
MO,2013,9,281399,9101,806549,1154,601720,87428,87428,110069,97726,26500.5,22.31
MS,2013,60866,426902,37197,97767,139531,364610,113523,113523,64706,76908,14601.2,21.12
MT,2013,67877,82298,753246,166104,169870,172419,0,0,114500,118144,5622.4,22.06
NC,2013,0,445018,0,493771,0,812705,420486,420486,192360,228352,38054.4,23.37
ND,2013,318391,82334,369479,393193,1811624,222215,0,0,125386,98237,7657.3,18.31
NE,2013,1069,179617,0,292956,16286,231611,71736,71736,278161,138417,10319.4,19.34
NH,2013,0,55649,0,16778,0,144512,114173,114173,52904,59059,6144.5,27.68
NJ,2013,0,711999,0,25910,0,878077,348784,348784,49729,86152,37567,23.84
NM,2013,1331404,252867,400228,256377,596176,232460,0,0,39674,46411,9071.8,23.62
NV,2013,3,282245,0,64838,1937,268244,0,0,66544,74096,11296.3,22.81
NY,2013,24232,1315282,0,68707,2123,1330482,467651,467651,380811,418075,68137.6,24.72
OH,2013,175320,945731,612270,1104486,46620,1053987,168451,168451,155525,160117,48589.3,19.88
OK,2013,2282057,682277,25054,335925,722912,506028,0,0,164988,178059,19298.8,19.73
OR,2013,782,244265,0,38900,0,322313,0,0,463420,472016,14841,22.04
PA,2013,3452918,1175535,1379262,1126118,30757,1181000,822483,822483,200385,235207,54600,21.53
RI,2013,0,88274,0,0,0,82166,0,0,2704,6106,3991.6,26.23
SC,2013,0,236942,0,257319,0,480197,566879,566879,134299,156589,21813.3,21.96
SD,2013,16753,84527,0,34246,10730,112656,0,0,208561,128968,4768,20.24
TN,2013,6240,284750,28376,399768,1937,655891,297732,297732,210044,226381,28975.3,21.64
TX,2013,8825436,4131225,564850,1597357,5384476,5828991,400353,400353,500607,584228,158435.4,18.99
UT,2013,516190,258661,385736,355230,203093,271571,0,0,17181,25011,10936.6,20.66
VA,2013,144400,433438,456766,290508,58,793774,306430,306430,118392,152518,34734,22.12
VT,2013,0,9743,0,0,0,78655,50639,50639,33315,36145,3313.2,28.28
WA,2013,0,327840,0,74955,0,698425,88408,88408,928039,942926,26479.2,21.53
WI,2013,0,454050,0,454554,0,510487,121994,121994,206356,188808,24877.7,20.27
WV,2013,832674,152880,2874653,771188,41986,195225,0,0,53863,61073,9175.9,20.63
WY,2013,2050835,156110,6760447,520699,368172,161686,0,0,53125,54820,5545.8,18.42
US,2013,28421429,26788768,19901802,18038771,15871833,34398415,8244433,8244433,9438028,9464268,1376402.2,21.42
AK,2014,381937,329274,22944,18225,1050554,226102,0,0,19788,22760,6875.7,24.95
AL,2014,195614,650570,414366,575912,57020,490328,431368,431368,270744,293890,24079.7,18.62
AR,2014,1142667,273009,1864,339214,39295,325319,151428,151428,119827,131625,13916.4,18.86
AZ,2014,109,315916,173337,447849,325,543552,338044,338044,120267,139836,23613.1,25.51
CA,2014,271757,2409574,0,39486,1187643,3083503,177656,177656,750692,903692,136011.3,25.65
CO,2014,1848761,497182,528242,350526,554834,480827,0,0,126925,131177,20433.4,21.33
CT,2014,0,242227,0,9097,0,308514,165677,165677,32675,45472,15590.1,27.96
DC,2014,0,35302,0,48,0,20118,0,0,344,1313,2325.7,24.92
DE,2014,0,107051,0,10238,0,103067,0,0,4224,8064,3994,23.68
FL,2014,858,1241250,0,557882,12917,1613839,291474,291474,231320,298010,68555.7,24.99
GA,2014,0,664808,0,482657,0,948453,340652,340652,267186,297134,42586,21.14
HI,2014,0,167,0,17241,0,250169,0,0,24423,27996,7769.9,36.24
IA,2014,0,311352,0,401151,0,424219,43431,43431,726955,406807,17467.7,17.64
ID,2014,0,93610,0,7472,0,162438,0,0,156026,155787,7145.6,20.64
IL,2014,2044,1108134,1293541,1017855,55367,1197140,1023496,1023496,368785,278073,51697.8,18.88
IN,2014,6742,723942,886370,1221492,14541,734901,0,0,226986,162947,33963.9,18.05
KS,2014,317646,291483,1474,316572,287204,356192,89512,89512,179678,151818,14500.1,21.21
KY,2014,105319,262278,1869335,913452,15231,580146,0,0,81704,96645,22224.6,20.43
LA,2014,2068200,1547176,35541,209973,401203,1698933,181059,181059,169820,173371,39452.9,15.12
MA,2014,0,432523,0,29871,0,563978,60340,60340,62217,87252,28161.3,26.51
MD,2014,21,217227,46194,201220,0,484711,150017,150017,53164,77492,23493.6,25.12
ME,2014,0,62423,0,2142,0,185791,0,0,157449,164138,7571.3,22.72
MI,2014,120152,878128,0,618479,43065,847600,326800,326800,202663,221483,40786.7,19.84
MN,2014,0,490111,0,313073,0,602446,132904,132904,340458,273992,25728,19.6
MO,2014,3,301368,8206,780707,1137,614721,97021,97021,113126,98934,26626.3,21.72
MS,2014,56686,439557,39072,116537,141491,367502,107228,107228,64569,78055,14935.6,20.97
MT,2014,63185,80063,790673,175357,173397,168456,0,0,134132,137730,5575.7,21.86
NC,2014,0,462289,0,501592,0,834289,428474,428474,173981,209090,38436.3,23.11
ND,2014,437170,89095,389673,399195,2288796,236320,0,0,138427,111219,8219.4,18.38
NE,2014,435,179705,0,276544,17690,234466,105655,105655,307736,155904,10356.8,19.26
NH,2014,0,58785,0,14867,0,155001,106350,106350,55536,61731,6443,27.78
NJ,2014,0,805145,0,30731,0,856154,329533,329533,54087,91005,37180,23.14
NM,2014,1397847,256056,400158,215348,725354,240408,0,0,41707,48148,9213.6,23.69
NV,2014,3,261902,0,79230,1833,275622,0,0,67511,76197,11516.3,23.17
NY,2014,20847,1392378,0,64655,2065,1382080,450141,450141,397898,437667,70093.4,24.49
OH,2014,590622,1058802,541830,1057377,87528,1062667,170319,170319,167121,163389,50278,19.76
OK,2014,2669289,667360,20607,336080,872900,535307,0,0,163016,177919,20395.4,19.92
OR,2014,1175,226472,0,34238,0,325766,0,0,485321,495029,14802.8,22.11
PA,2014,4521340,1304080,1566449,1039161,39724,1207164,823277,823277,197387,232509,55800.9,21.29
RI,2014,0,91374,0,0,0,86353,0,0,4421,7902,4218.1,26.58
SC,2014,0,236040,0,305656,0,479576,548246,548246,136998,158548,22132.2,21.91
SD,2014,15968,83919,0,33062,10428,114520,0,0,221729,140135,4877.4,20.37
TN,2014,6010,313887,21711,427509,1914,672629,289401,289401,178923,194804,29650.5,21.4
TX,2014,9366356,4060590,576803,1585961,6728563,5803534,410907,410907,545598,634054,160438.6,18.84
UT,2014,501322,251649,410997,344054,237272,274435,0,0,22233,29679,10856.2,21.01
VA,2014,139809,438697,393225,278183,81,830111,316081,316081,135885,167411,35309.3,21.78
VT,2014,0,10853,0,0,0,79824,52929,52929,32830,35555,3305.1,27.7
WA,2014,0,320167,0,76547,0,681853,99332,99332,940851,957292,25674.1,21.17
WI,2014,0,479396,0,417096,0,543179,98807,98807,216590,195664,26491.1,20.66
WV,2014,1246092,180222,2858022,816460,59914,193011,0,0,50017,57169,9021,20.08
WY,2014,1982353,142268,6880205,489300,441328,171012,0,0,54140,56015,5863.4,18.79
US,2014,30872950,27376838,20170837,17996577,18615622,34658248,8337559,8337559,9797648,9761070,1395430.4,21.33
AK,2015,380887,333936,17747,19511,1007501,235839,0,0,23798,23819,5552.3,19.06
AL,2015,182481,701582,331420,494311,55421,511742,438728,438728,258906,284365,19990.1,15.69
AR,2015,1031466,296826,1819,226889,35611,314414,144716,144716,117822,129264,11171.7,15.86
AZ,2015,99,365313,146450,385822,212,557369,340153,340153,128895,149031,20744.8,21.89
CA,2015,271086,2384061,0,30967,1150741,3201112,193529,193529,737985,911138,120161.2,22.14
CO,2015,1965188,490642,403605,340107,698595,479850,0,0,126538,133682,16387.9,17.21
CT,2015,0,260925,0,6536,0,313997,182083,182083,33232,46764,13126.1,23.3
DC,2015,0,33654,0,44,0,20423,0,0,824,1831,2144.8,23.11
DE,2015,0,107819,0,7149,0,109009,0,0,3516,7744,3485.9,19.74
FL,2015,1162,1378089,0,466530,12623,1695087,294099,294099,223760,293757,57721.4,20.22
GA,2015,0,712580,0,394665,0,997508,353883,353883,269498,300896,34957.9,17.1
HI,2015,0,196,0,15632,0,254200,0,0,24949,29420,5906.4,27.11
IA,2015,0,302936,0,348293,0,415141,54836,54836,766767,429835,13413.7,13.93
ID,2015,1192,107871,0,4249,172,175254,0,0,153447,154481,6132.7,16.87
IL,2015,2210,1011357,1252879,850430,54426,1245106,1017377,1017377,355305,270570,40674.6,15.54
IN,2015,7446,735055,776493,1007472,12686,750409,0,0,242116,173327,27479.6,14.99
KS,2015,318548,280421,4387,273416,260015,340937,90254,90254,177319,149870,11241.5,17.01
KY,2015,108080,276867,1486019,796484,16362,590257,0,0,75302,89402,17478.3,16.37
LA,2015,1916410,1594207,46879,174221,364390,1716529,160015,160015,154626,158287,27743.2,10.55
MA,2015,0,457124,0,24177,0,577821,52236,52236,62775,88979,24085.8,22.34
MD,2015,40,225969,45587,165994,0,499114,153140,153140,47601,73185,19705.1,21.02
ME,2015,0,54203,0,2588,0,194972,0,0,161394,168574,6041.1,17.95
MI,2015,114061,871834,0,617280,37521,864500,306773,306773,223202,239503,33018.3,16.43
MN,2015,0,448557,0,271570,0,595108,125900,125900,345895,278624,19772.5,16.13
MO,2015,1,270885,3178,696401,852,622945,109182,109182,105621,95606,21688,18.28
MS,2015,60476,536996,34528,71626,142485,377952,122511,122511,60419,74223,12110.3,16.96
MT,2015,55943,77443,746222,178421,163249,165080,0,0,124959,129412,4384.2,17.66
NC,2015,0,516026,0,405525,0,857023,440248,440248,169977,206845,31788.5,19
ND,2015,678977,100852,392183,408091,2456155,193722,0,0,141705,109747,5552.9,13.73
NE,2015,504,170346,0,266319,15419,234270,107976,107976,317134,164543,8165.8,15.54
NH,2015,0,70742,0,10989,0,152764,99186,99186,61334,67603,5285.3,22.56
NJ,2015,0,778866,0,22925,0,877467,347851,347851,45194,81586,29753.6,18.96
NM,2015,1436329,260038,357525,215703,846659,237701,0,0,38796,48909,7238.3,18.65
NV,2015,4,312602,0,36635,1606,266639,0,0,75331,85212,9664.9,19.43
NY,2015,17879,1396693,0,41241,1635,1383266,466457,466457,408986,448392,56789.5,19.83
OH,2015,1171552,1031716,417682,865714,153490,1081188,181726,181726,164895,157489,40888.4,16.56
OK,2015,2880137,711393,17422,280748,949331,521667,0,0,187115,203058,15942.3,16.05
OR,2015,889,245897,0,26515,0,323140,0,0,438751,451541,12671.7,18.94
PA,2015,5119772,1313350,1278078,878829,40522,1187148,842044,842044,200503,235433,44887.5,17.74
RI,2015,0,96514,0,0,0,86112,0,0,4886,8469,3578.1,22.6
SC,2015,0,284013,0,241217,0,511425,555909,555909,128605,151230,18598,18.05
SD,2015,614,83370,0,19616,9507,115692,0,0,225463,138038,3847.4,16.3
TN,2015,4959,322468,23192,370650,1692,687482,261037,261037,181970,196878,23962.5,17.44
TX,2015,9392314,4263856,471257,1340422,7213608,6022376,411571,411571,582776,672832,119292.2,13.69
UT,2015,461219,242848,325216,330043,212307,276308,0,0,23983,33778,8894.3,17.22
VA,2015,134220,526314,365832,232427,63,834674,293455,293455,137583,169053,28475.7,17.67
VT,2015,0,12245,0,0,0,81888,0,0,38777,41531,2692.3,21.34
WA,2015,0,327738,0,58273,0,732667,85347,85347,871925,891733,21868.1,17.44
WI,2015,0,476969,0,408189,0,534079,104666,104666,223862,200490,20771.2,16.97
WV,2015,1562536,191059,2447181,730949,66157,189690,0,0,37940,44994,7249.2,16.88
WY,2015,1998295,126421,6538240,487177,494269,158389,0,0,49864,52372,4447,14.88
US,2015,32717205,28179686,17931020,15548985,19701840,35368448,8336886,8336886,9765932,9749471,1128447.4,17.31
AK,2016,369865,330883,13942,16613,1026401,219837,0,0,25148,26254,4561.4,17
AL,2016,176290,715033,247632,410168,46417,538953,417334,417334,230706,259513,19230,14.85
AR,2016,839485,315617,974,246437,31580,322808,140370,140370,115405,127831,10292.2,14.62
AZ,2016,49,373916,116678,323878,46,576213,338636,338636,138469,162028,19581.3,20.11
CA,2016,234094,2248939,0,32077,1064744,3315378,197754,197754,932965,1116287,111275.5,20.16
CO,2016,1981005,464749,270920,321476,663712,482014,0,0,149550,158875,15097.4,15.75
CT,2016,0,254652,0,2340,0,296001,173363,173363,34246,47868,11748.8,21.89
DC,2016,0,30160,0,34,0,19489,0,0,1107,2193,1983.6,22.36
DE,2016,0,113552,0,8199,0,110248,0,0,3105,7597,3187.1,18.16
FL,2016,1062,1414358,0,426188,11066,1738523,306658,306658,223400,290005,53459.1,18.42
GA,2016,0,727336,0,399279,0,971869,360633,360633,282316,298214,32344.2,16.16
HI,2016,0,162,0,16431,0,252070,0,0,27586,32368,5215.5,23.95
IA,2016,0,317115,0,298006,0,424923,49185,49185,801736,452667,12684.6,12.93
ID,2016,5208,110344,0,2432,1230,176049,0,0,151461,153289,5717.5,15.48
IL,2016,2317,1045034,977131,702467,49432,1247540,1031331,1031331,375095,276545,37622.1,14.56
IN,2016,6441,779945,654493,948386,10397,726396,0,0,257436,183792,24910.2,13.78
KS,2016,281646,276404,617,253121,217116,342440,86245,86245,205743,179062,10522.7,16.02
KY,2016,102591,279935,1041121,736584,14849,600376,0,0,76957,91858,16181.7,15.26
LA,2016,1893803,1718305,38499,140513,328632,1700751,179391,179391,182727,176181,25055.2,9.33
MA,2016,0,440725,0,20115,0,558903,56628,56628,65604,93041,21535.8,20.61
MD,2016,36,229508,37859,162931,0,473740,154377,154377,48227,73766,17893.2,19.85
ME,2016,0,54509,0,2194,0,186072,0,0,141924,150107,5272,16.8
MI,2016,108450,926828,0,471236,32312,880277,329999,329999,216648,234596,30950.2,15.57
MN,2016,0,466365,0,261250,0,617809,144970,144970,351258,282936,18614.1,14.84
MO,2016,1,273583,5125,639860,704,619747,98630,98630,105865,94312,19938.8,17.22
MS,2016,50418,561342,32349,61219,116649,386987,61680,61680,78133,76967,10942.9,15.43
MT,2016,52130,77589,572787,161938,132619,166880,0,0,128046,132767,4027.8,15.97
NC,2016,0,540271,0,381761,0,878993,447500,447500,199488,222384,29950.8,17.63
ND,2016,766865,105625,399856,394579,2161880,164552,0,0,162594,125731,4618.8,12.39
NE,2016,557,172929,0,240465,12560,232829,97798,97798,330900,168536,7557.4,14.31
NH,2016,0,59638,0,5277,0,146737,112551,112551,56283,62838,4718.4,20.97
NJ,2016,0,793928,0,17455,0,888468,312569,312569,46537,85369,27341.1,17.63
NM,2016,1422598,259158,246549,197083,839040,235515,0,0,54803,64769,6475.7,16.83
NV,2016,3,316653,0,30765,1585,289383,0,0,88551,99674,8753,16.64
NY,2016,13942,1336455,0,29679,1287,1382206,434791,434791,412865,454021,50926.5,18.1
OH,2016,1647241,994162,309088,825311,124270,1082887,175893,175893,166674,159177,37637.4,15.6
OK,2016,2864577,736164,14440,221842,887745,520186,0,0,243478,260290,13902,14.06
OR,2016,848,249829,0,19440,0,327835,0,0,467942,482943,11788.8,17.36
PA,2016,5525743,1354340,1168609,734838,35888,1138129,867302,867302,196747,230921,39790.6,16.63
RI,2016,0,88471,0,0,0,74342,0,0,4700,8267,3018.2,21.25
SC,2016,0,284225,0,221865,0,522302,583883,583883,131034,150318,17748.6,17.07
SD,2016,511,85021,0,26660,8045,113289,0,0,237255,149018,3526,15.01
TN,2016,4180,336341,16596,379775,1471,702677,309357,309357,154155,170822,22388.5,16.17
TX,2016,8659990,4151065,515707,1323111,6687279,6175136,440109,440109,708954,820815,110577.8,12.53
UT,2016,401909,250199,310453,269016,174681,285349,0,0,36548,47601,8396.6,15.76
VA,2016,126663,572103,335590,222938,40,844901,310966,310966,139800,167391,26281.8,16.26
VT,2016,0,12383,0,0,0,77727,0,0,35631,38701,2404.1,19.91
WA,2016,0,324929,0,53302,0,800690,100674,100674,930433,948976,21129.8,15.89
WI,2016,0,501042,0,357335,0,524098,106173,106173,224231,200299,19155.2,15.76
WV,2016,1667404,188491,2041073,751957,43693,199199,0,0,39641,47885,7145.2,16.45
WY,2016,1878141,132478,5169939,457315,415749,152624,0,0,54543,58491,3990.8,13.28
US,2016,32428188,28392790,14538027,14227138,18529003,35712347,8426753,8426753,10477348,10408644,1038883.6,15.95
AK,2017,382940,343899,14365,16376,1033270,216452,0,0,23611,24447,5040.3,18.98
AL,2017,159686,681208,326748,378890,39100,530370,446097,446097,258502,285081,20444.4,15.97
AR,2017,708482,317530,832,267591,30263,321210,132736,132736,116677,121635,11281.4,15.76
AZ,2017,58,334629,134024,334512,74,583258,338246,338246,149421,172736,21227,21.8
CA,2017,240221,2190994,0,33663,992385,3392689,187227,187227,1127237,1314777,123245.3,21.97
CO,2017,2028824,462135,320001,315835,743744,489738,0,0,153315,162034,16603.3,17.2
CT,2017,0,246532,0,2507,0,299249,172570,172570,32884,46758,12562.3,23.18
DC,2017,0,30607,0,30,0,16915,0,0,1316,2257,1966.1,23.03
DE,2017,0,103121,0,4804,0,112654,0,0,3268,7912,3451.5,19.75
FL,2017,1048,1421271,0,407538,11005,1757690,304840,304840,236660,306615,58778.2,20.05
GA,2017,0,709671,0,344273,0,1028148,352560,352560,274993,293604,35500.7,17.58
HI,2017,0,163,0,14948,0,262205,0,0,26953,32003,5843.1,26.1
IA,2017,0,376298,0,300287,0,409164,54528,54528,836979,473227,13942.6,13.7
ID,2017,4192,115899,0,2615,521,176634,0,0,172940,174569,6336.1,16.62
IL,2017,2260,1034583,1079624,685000,47581,1251487,1016522,1016522,378543,286646,40718.8,15.86
IN,2017,6168,747919,713397,929271,10181,700249,0,0,260410,183807,26752.3,15.15
KS,2017,257200,279097,0,216747,205026,335329,111367,111367,248526,219766,11179.3,17.3
KY,2017,101295,296673,1015108,639356,14176,577856,0,0,89626,103410,17352.6,16.72
LA,2017,2238355,1716392,27892,142267,295009,1814440,161171,161171,170254,161570,29672,10.51
MA,2017,0,462406,0,12407,0,561908,52788,52788,68449,95856,23336,22.04
MD,2017,34,232723,42804,106973,0,470666,158004,158004,55321,80822,18935.6,21.22
ME,2017,0,45125,0,2168,0,181420,0,0,148008,155506,5593.2,18.24
MI,2017,102619,908197,0,499439,31848,869880,338675,338675,225883,238177,32708.1,16.5
MN,2017,0,466884,0,257594,0,611526,145426,145426,363438,293528,20488.7,16.24
MO,2017,1,264614,5321,709796,664,611040,86853,86853,116820,102440,21324.2,18.68
MS,2017,39719,543721,32019,53779,101772,384318,77027,77027,71031,71848,11882.3,16.73
MT,2017,50821,83319,624772,156073,118586,172427,0,0,136183,140885,4591.4,17.17
NC,2017,0,520659,0,350286,0,885764,443192,443192,215530,240022,31618.3,18.68
ND,2017,857330,112146,394022,397875,2235427,184122,0,0,212016,165938,5414.8,13.51
NE,2017,483,175613,0,233809,11978,233348,72300,72300,355937,186969,8261.5,15.53
NH,2017,0,53633,0,3617,0,152656,104493,104493,59861,66803,5187.4,22.26
NJ,2017,0,734147,0,16488,0,858632,355948,355948,45589,83836,28988,19.16
NM,2017,1506770,249357,257710,199114,986519,249356,0,0,67377,78080,7366.2,18.8
NV,2017,3,305309,0,27297,1637,306479,0,0,98078,109544,9854.1,17.99
NY,2017,11760,1276905,0,19553,1105,1378849,441029,441029,447501,490642,55246.9,19.53
OH,2017,2009410,1014299,233560,810953,113058,1073983,184997,184997,167026,156232,39957,16.7
OK,2017,2936597,692145,12590,198309,949326,544537,0,0,274720,290968,15549.7,15.37
OR,2017,700,262532,0,18723,0,335127,0,0,501216,516930,13064.7,18.35
PA,2017,5769945,1404240,1260516,669540,37554,1151732,870187,870187,204915,240496,43377.7,17.94
RI,2017,0,94730,0,0,0,75184,0,0,5966,9567,3213.3,22.29
SC,2017,0,287408,0,192751,0,524166,568390,568390,132523,152847,18951.5,18.25
SD,2017,531,85339,0,26114,7463,112658,0,0,240988,148279,3861.2,16.3
TN,2017,3515,331613,11168,334567,1551,694516,332779,332779,166376,182761,23849.4,17.51
TX,2017,8735219,3987778,474274,1451978,7301999,6286229,403523,403523,810101,915338,125804.9,14.07
UT,2017,346868,231151,317768,274816,197089,294385,0,0,53257,64181,9262.3,16.92
VA,2017,121571,596648,343642,159813,40,847776,319562,319562,140971,167010,28402.6,17.48
VT,2017,0,12281,0,0,0,77379,0,0,37782,40945,2582.4,21.5
WA,2017,0,350872,0,61732,0,769685,85013,85013,949773,967707,23662.5,17.78
WI,2017,0,504808,0,388614,0,523110,100919,100919,224149,198839,20531.1,16.74
WV,2017,1836375,199298,2390309,710445,52102,191481,0,0,41626,49947,7477.9,17.61
WY,2017,1788258,158370,5516757,458496,433489,153755,0,0,55888,59425,4407.1,14.51
US,2017,33468883,28056891,15549225,13839632,19550489,36043829,8418968,8418968,11259473,11138359,1136379.4,17.32
AK,2018,375279,346255,13752,17325,997415,215613,0,0,24147,24996,5834,22.2
AL,2018,149607,771194,370533,377152,33591,518687,412584,412584,279491,301170,21948.7,16.7
AR,2018,600455,366939,0,304145,28553,326432,132996,132996,126101,124834,12447.8,16.45
AZ,2018,44,400531,140759,331492,57,590247,325122,325122,155979,179533,23684.9,23.98
CA,2018,228906,2209801,0,33256,916715,3409954,190422,190422,1031998,1213958,137350.6,24.45
CO,2018,2217310,518088,293149,284474,965227,512429,0,0,156918,165952,18719.6,18.5
CT,2018,0,285991,0,4023,0,316551,176496,176496,37564,49572,14207.4,24.87
DC,2018,0,32623,0,37,0,19017,0,0,1603,2661,2146.5,23.57
DE,2018,0,99416,0,4296,0,119451,0,0,3388,8035,3896.7,20.74
FL,2018,1123,1511134,0,327807,10493,1843337,306461,306461,246965,314801,64957.3,21.41
GA,2018,0,759205,0,340152,0,998463,359262,359262,288259,303573,37670.1,18.35
HI,2018,0,192,0,14367,0,261466,0,0,26286,31126,6828.7,30.36
IA,2018,0,431513,0,325673,0,418691,51181,51181,865649,478666,15664.2,14.62
ID,2018,2113,115833,0,2823,502,180666,0,0,178848,180196,6947.6,18.14
IL,2018,2596,1127424,1095887,704574,48045,1254095,1025651,1025651,359743,277668,45014.8,16.8
IN,2018,5292,890433,781628,985668,9609,703718,0,0,271211,190075,29509.8,15.85
KS,2018,237402,321809,0,227665,198084,343686,95854,95854,253451,222816,12584.9,18.32
KY,2018,96085,356673,955471,655909,12924,601468,0,0,90204,103816,19701.7,17.92
LA,2018,2942607,1865382,20436,137818,274384,1729715,179330,179330,172942,160945,32728.9,11.6
MA,2018,0,452093,0,101,0,576328,46437,46437,75268,101071,27101.5,24.78
MD,2018,14,312824,30464,124191,0,477626,156699,156699,65935,90288,20383.8,22.08
ME,2018,0,48370,0,2113,0,171062,0,0,149399,155760,6140.9,20.16
MI,2018,95841,1010919,0,506105,31446,896217,318655,318655,237119,247124,36285.8,17.46
MN,2018,0,514172,0,261530,0,624491,152657,152657,366361,296986,22766.6,17.39
MO,2018,1,330552,5654,668188,548,619352,111401,111401,131320,110649,23749.8,19.56
MS,2018,36499,591886,31979,60015,96734,380952,72343,72343,76637,74057,13102.2,17.96
MT,2018,47712,90778,684031,152295,123027,171531,0,0,142936,147563,5088.3,18.56
NC,2018,0,599308,0,325121,0,906189,439915,439915,248744,270114,35276.1,20.09
ND,2018,993022,130084,399835,407262,2627248,190027,0,0,209106,163255,6210.6,14.95
NE,2018,459,196445,0,264072,11732,239157,58884,58884,359632,190495,9210.8,16.6
NH,2018,0,51471,0,7798,0,155704,105195,105195,56133,62624,5840.9,24.5
NJ,2018,0,799555,0,16732,0,888315,334373,334373,48498,84239,32259.5,20.09
NM,2018,1734539,281322,200179,136824,1421998,257803,0,0,85193,95244,8261.1,19.91
NV,2018,3,310875,0,34996,1455,308260,0,0,105590,117235,11142.3,20
NY,2018,10994,1393657,0,16710,1261,1423244,448718,448718,442779,489219,62257.4,20.99
OH,2018,2652291,1236747,219942,717818,129772,1089761,191483,191483,172886,158726,44050.3,17.43
OK,2018,3346437,842224,15121,171280,1148646,541278,0,0,308412,324177,17126.4,16.2
OR,2018,529,271311,0,16911,0,339590,0,0,486729,502494,14229.4,20.26
PA,2018,6632662,1515912,1278056,644056,36963,1170049,872749,872749,220435,251952,47961.5,18.96
RI,2018,0,104748,0,0,0,82615,0,0,6661,10045,3873.6,24.84
SC,2018,0,338951,0,205204,0,526034,551151,551151,147073,165199,20322,19.15
SD,2018,494,95548,0,27618,7264,115313,0,0,253979,158194,4311.3,17.42
TN,2018,3737,404318,5922,251835,1198,700650,378224,378224,186083,199132,26746.5,18.7
TX,2018,9776991,4596600,328812,1189311,9200206,6720839,430597,430597,901007,1009917,148718.2,15.29
UT,2018,326320,253819,305328,273117,211790,310060,0,0,50329,61286,10437.1,18.46
VA,2018,117273,667004,318949,149349,29,869728,305826,305826,159898,183826,32149.4,19.04
VT,2018,0,14208,0,0,0,75792,0,0,41541,44258,2834.8,23.11
WA,2018,0,334779,0,61166,0,775777,101502,101502,938532,955305,25962.2,19.69
WI,2018,0,565291,0,362077,0,548839,105900,105900,232070,203443,22826.7,17.5
WV,2018,2159553,221402,2468639,661760,72689,216968,0,0,45396,53573,8767.1,18.79
WY,2018,1842525,175639,5315953,455748,501928,159048,0,0,53833,54920,4962.3,15.41
US,2018,37762229,31163246,15280478,13249958,22812423,36892286,8438068,8438068,11579533,11369899,1271930.6,18.61
AK,2019,364363,343384,14867,17620,968358,220818,0,0,22744,23608,5689.3,21.36
AL,2019,138425,748731,350506,317180,27687,529319,455865,455865,278071,298545,21301.9,16.38
AR,2019,534585,371388,0,239798,27538,330550,141750,141750,133487,132189,12055.8,16.07
AZ,2019,68,484249,82222,257727,40,607131,333312,333312,148099,174570,23601.3,23.3
CA,2019,220789,2218732,0,30886,890882,3395439,168799,168799,1154051,1373488,139280.3,24.68
CO,2019,2394039,553842,270466,273338,1095372,526331,0,0,167007,178021,18788.9,17.77
CT,2019,0,293149,0,867,0,304773,174730,174730,37163,48862,13573.3,24.32
DC,2019,0,31603,0,5,0,18555,0,0,2001,3049,2117.5,24.06
DE,2019,0,93442,0,2179,0,120332,0,0,3609,8544,3789.4,19.87
FL,2019,1295,1578269,0,233542,11037,1804514,303946,303946,248018,315365,62678.4,20.79
GA,2019,0,786904,0,273109,0,995857,350759,350759,301803,314211,36579.9,17.95
HI,2019,0,228,0,14179,0,264338,0,0,25256,29839,6731.5,29.48
IA,2019,0,433368,0,266368,0,430621,54671,54671,901797,518892,14989.8,13.89
ID,2019,1139,133257,0,2364,125,183278,0,0,169161,171550,6748.5,17.12
IL,2019,2279,1180447,1014448,591909,46969,1239327,1030996,1030996,372639,293917,42478.1,16
IN,2019,5306,934151,712235,821545,8997,710201,0,0,257208,187427,28789.8,15.37
KS,2019,212665,319950,0,197779,189208,352445,96565,96565,273904,239094,12004.6,17.31
KY,2019,89339,361174,852990,574502,14273,595296,0,0,89266,101676,18821,17.36
LA,2019,3330380,1963925,21251,90701,261401,1736963,145993,145993,166791,150526,29899.9,10.64
MA,2019,0,442794,0,71,0,572180,22734,22734,74162,99536,25788.1,23.51
MD,2019,14,311631,34661,77301,0,474069,156765,156765,55532,79877,19482.1,21.44
ME,2019,0,46301,0,2160,0,166761,0,0,148418,154606,5874.4,19.27
MI,2019,90423,1054986,0,447823,29738,882063,343639,343639,233639,244587,34773.9,16.89
MN,2019,0,549487,0,205139,0,640082,147280,147280,366083,298551,21981.8,16.59
MO,2019,1,327798,4227,584662,484,622101,95961,95961,140320,121475,22482.1,18.76
MS,2019,34280,583800,28423,51028,96171,383081,115202,115202,66399,70136,12526.6,17.35
MT,2019,47967,92649,608890,159165,131037,175168,0,0,129142,133863,5016.8,17.99
NC,2019,0,569405,0,318154,0,905845,437683,437683,253934,275441,34227.1,19.56
ND,2019,1187235,157419,361946,372018,2949809,188349,0,0,211309,164419,6006.9,14.67
NE,2019,411,198771,0,240414,10883,242788,72589,72589,371883,203880,8895.7,16.03
NH,2019,0,55366,0,4182,0,152435,113890,113890,56006,62394,5545.5,23.52
NJ,2019,0,790685,0,13780,0,842885,278147,278147,49338,84994,30396.5,19.88
NM,2019,2068295,305538,268307,151468,1917576,262605,0,0,94009,105040,7969.9,18.49
NV,2019,5,315564,0,37177,1527,306466,0,0,113257,125022,11090.5,19.72
NY,2019,11313,1337750,0,13648,1561,1386269,468481,468481,451961,498124,58489.7,20.16
OH,2019,2901090,1260474,192413,594257,157179,1070162,177624,177624,174068,160334,41907.9,16.96
OK,2019,3545508,873688,5153,93953,1243885,524240,0,0,332122,347056,16164.2,15.54
OR,2019,420,302229,0,27430,0,334509,0,0,426159,445620,14108.6,19.87
PA,2019,7296205,1679486,1250902,568781,37362,1134520,869084,869084,201736,234570,45768.8,18.32
RI,2019,0,97931,0,0,0,77313,0,0,8794,11832,3640.1,24.3
SC,2019,0,347904,0,160703,0,515839,585828,585828,149819,166366,19712.4,18.84
SD,2019,450,97428,0,31420,6644,116179,0,0,264610,169269,4163.8,16.63
TN,2019,3221,420285,11341,216876,1202,713625,372992,372992,180964,191569,25954.4,18.3
TX,2019,11323138,4795216,308449,992721,10622707,6850186,431234,431234,963037,1071087,137852.3,14.08
UT,2019,299544,276460,326024,266989,210444,305584,0,0,48197,60089,10037.6,17.46
VA,2019,111869,717725,320290,85120,34,872814,308013,308013,142634,169910,31211.7,18.5
VT,2019,0,14381,0,0,0,77367,0,0,40984,43772,2735.5,22.16
WA,2019,0,378216,0,80837,0,794537,92584,92584,784509,797587,25807.5,19.09
WI,2019,0,592529,0,280108,0,547523,104736,104736,232422,202897,21968.6,16.89
WV,2019,2598072,239854,2422224,621722,98325,208371,0,0,41952,49681,8025.3,17.83
WY,2019,1684374,172235,4828513,410221,582375,155232,0,0,63605,57094,4694.7,14.93
US,2019,41658796,32236174,14290746,11314925,25612476,36867235,8451852,8451852,11627316,11468314,1223984.5,17.96
AK,2020,376458,373567,15523,18527,932482,222323,0,0,24662,25527,4711.9,17.2
AL,2020,124850,714871,313282,256687,24437,525878,454930,454930,288430,308209,18583.2,14.85
AR,2020,489958,335441,0,161980,23578,315440,157349,157349,111501,118123,10368.4,14.79
AZ,2020,68,513539,0,156821,28,544270,329597,329597,151940,177618,20346.4,21.24
CA,2020,192147,2151068,0,28034,809380,2688622,169838,169838,1027627,1244897,114531.6,23.65
CO,2020,2424701,552271,210494,217082,976775,437992,0,0,186014,194190,15470.4,16.47
CT,2020,0,297582,0,67,0,262428,164157,164157,37378,46777,11537.1,23.11
DC,2020,0,27984,0,0,0,15492,0,0,2146,3024,1763.1,22.55
DE,2020,0,94009,0,1956,0,104587,0,0,3570,7722,3153.6,18.42
FL,2020,1039,1619429,0,180387,8468,1484594,307315,307315,258072,316100,51460.8,19.25
GA,2020,0,779340,0,153179,0,875240,342897,342897,313139,328340,31038.7,16.53
HI,2020,0,199,0,13281,0,187858,0,0,27938,31467,4695.2,30.08
IA,2020,0,396343,0,183017,0,404169,30344,30344,899796,556341,12831.4,12.66
ID,2020,112,129363,0,2663,6,175803,0,0,151522,157879,5949.5,15.46
IL,2020,1951,1158640,689464,391150,40691,1056447,1047170,1047170,381142,297310,34108.8,14.44
IN,2020,4419,873505,450768,669310,7979,652153,0,0,246927,182401,24272.9,14.16
KS,2020,189060,301392,0,193779,160833,334609,110545,110545,299402,260617,10261.2,15.46
KY,2020,81742,343788,571089,482266,12890,540200,0,0,90287,100789,15413.1,15.48
LA,2020,3311944,1924573,9438,48718,208843,1773653,177055,177055,167652,144854,24257.1,8.45
MA,2020,0,400675,0,0,0,449040,0,0,73906,94678,20897.7,22.42
MD,2020,10,296585,27404,49692,0,397572,157531,157531,47200,66952,15950.4,19.98
ME,2020,0,47028,0,1657,0,157444,0,0,132891,138648,4886,17.24
MI,2020,69860,1003430,0,334428,23515,756310,316854,316854,224930,235184,29078.9,15.98
MN,2020,0,496026,0,162702,0,545473,153319,153319,351874,286430,17641.3,15.25
MO,2020,1,303949,3432,551341,353,576090,80874,80874,139952,117585,18885.1,16.89
MS,2020,28956,610312,26576,54188,80619,369614,67595,67595,64331,68741,10583,15.25
MT,2020,42375,87478,469076,98886,108613,174592,0,0,137846,142312,4408.2,16.18
NC,2020,0,557570,0,223906,0,807695,442166,442166,281029,293174,28743.1,17.77
ND,2020,1212561,150166,364262,363255,2467413,163767,0,0,228319,176757,4834.7,12.51
NE,2020,375,192725,0,213747,9527,228175,64646,64646,342226,202857,7637,14.25
NH,2020,0,53630,0,1518,0,136963,103052,103052,45685,51219,4622.2,21.48
NJ,2020,0,678931,0,12144,0,686425,279308,279308,51848,80762,24820.9,18.69
NM,2020,2279119,292036,191349,138968,2136510,237384,0,0,96377,106513,6778.6,16.92
NV,2020,12,310715,0,27778,1115,245204,0,0,115194,125514,8774.8,17.93
NY,2020,10012,1305282,0,5681,837,1066114,401441,401441,425899,468231,47971.5,19.41
OH,2020,2612144,1233412,88255,556769,135810,982394,190316,190316,161047,151400,34985.2,15.29
OK,2020,3245209,847555,16,70714,985778,474552,0,0,323543,337045,13116.7,13.46
OR,2020,337,282518,0,17811,0,300473,0,0,453244,473155,12070.6,18.06
PA,2020,7564271,1783003,908798,374254,31483,949953,799342,799342,189068,217902,37536.6,17.08
RI,2020,0,100985,0,0,0,68314,0,0,11414,13926,3140.3,23.05
SC,2020,0,343349,0,137280,0,465872,571930,571930,160663,173989,16668.2,17.14
SD,2020,439,91244,0,21692,5958,119687,0,0,261926,171078,3715.9,14.91
TN,2020,2866,398610,2377,176104,865,657467,383245,383245,201950,211994,21402.6,16.15
TX,2020,11464477,4718367,262510,872845,10090428,6187966,432869,432869,1058610,1149538,108367.3,11.94
UT,2020,265990,266595,296168,244280,176427,285122,0,0,50801,61965,8707.7,15.89
VA,2020,107908,748377,251899,75434,28,739500,314843,314843,147175,170439,25579.5,16.69
VT,2020,0,13589,0,0,0,70379,0,0,37454,39823,2325.4,20.51
WA,2020,0,354969,0,59443,0,621358,98475,98475,876201,884394,19941.1,17.58
WI,2020,0,571817,0,249316,0,493092,102071,102071,200885,183061,18492.5,15.48
WV,2020,3123406,265123,1748361,539707,108465,179259,0,0,41409,48020,6734.4,16.48
WY,2020,1490323,169076,3822600,388253,506818,138481,0,0,74598,68407,3871.5,13.58
US,2020,41632937,31562036,10723138,9182696,23573693,32333489,8251075,8251075,11682720,11518077,1007785.4,16.25
AK,2021,391866,384560,15838,18694,908255,256041,0,0,24042,24907,6395.4,20.42
AL,2021,115131,739546,238021,309791,24404,580020,480897,480897,281006,303213,24223.6,17.84
AR,2021,457456,360504,0,216123,23961,329239,141603,141603,112447,114123,13615.5,18.43
AZ,2021,237,484962,0,160299,34,606053,330406,330406,168977,197117,25548.6,25.06
CA,2021,160821,2172757,0,28244,765942,2969515,172123,172123,1053602,1334148,150204.2,28.43
CO,2021,2300856,526513,247898,252442,872977,489206,0,0,208074,216066,20474.2,20.61
CT,2021,0,306843,0,2880,0,287268,179844,179844,41796,51792,13730.1,25.85
DC,2021,0,28336,0,0,0,17525,0,0,2425,3358,2085.6,25.68
DE,2021,0,87778,0,4542,0,113210,0,0,3679,8136,3888,21.48
FL,2021,1177,1591156,0,200193,8478,1750506,293097,293097,287667,353523,66763.4,22.52
GA,2021,0,773889,0,203870,0,922614,354662,354662,316389,332568,38649.9,19.77
HI,2021,0,133,0,12566,0,222977,0,0,31415,35105,6346.8,32.69
IA,2021,0,383424,0,264419,0,411463,0,0,958793,599196,16773.2,16.41
ID,2021,1387,135178,0,3051,142,188712,0,0,139389,145902,7725.1,19.29
IL,2021,2245,1082481,800378,521615,40154,1140285,1013204,1013204,418469,335451,45112.9,18.38
IN,2021,4291,870075,440100,753557,8666,714790,0,0,289093,212543,31140.4,17.11
KS,2021,178222,292156,0,219031,158779,338260,89572,89572,316241,276717,12668.1,19.05
KY,2021,86378,365718,623427,548443,14020,585943,0,0,90551,102456,20477.7,19.24
LA,2021,3539624,1861540,4237,95856,197551,1840317,180180,180180,183666,144874,36273.4,12.46
MA,2021,0,404324,0,0,0,502317,0,0,80220,103215,25412,25.72
MD,2021,5,302243,30088,69186,0,433109,156623,156623,51493,73820,19827.3,23.58
ME,2021,0,57233,0,1588,0,164149,0,0,126936,133128,6031.7,21.03
MI,2021,77669,950120,0,436203,24689,816074,358698,358698,236004,247406,36781.8,19.37
MN,2021,0,523812,0,179055,0,567228,147526,147526,372690,297813,22679.7,18.75
MO,2021,0,293874,939,616413,341,609448,44839,44839,164512,144808,23826.5,20.46
MS,2021,28373,576923,33251,64446,76439,385435,122971,122971,63750,68941,13633.2,18.94
MT,2021,42842,86998,511753,122765,108076,176856,0,0,130110,134741,5626.3,20.51
NC,2021,0,637553,0,222501,0,884691,450408,450408,275963,288212,36319.7,20.98
ND,2021,1386928,190784,362308,361811,2305178,169566,0,0,255260,185516,6175.1,15.68
NE,2021,348,191008,0,216298,9707,237542,71875,71875,375590,217397,9665.8,17.53
NH,2021,0,60116,0,3259,0,141670,102957,102957,44756,50415,5660.4,25.65
NJ,2021,0,697019,0,12586,0,750887,293972,293972,53898,85852,30993.9,21.8
NM,2021,2603003,284989,172666,133228,2601468,262264,0,0,127798,138630,9172.2,21.38
NV,2021,4,305212,0,35910,1240,284865,0,0,128422,139948,11275.6,21.11
NY,2021,10019,1361190,0,5370,836,1209837,325671,325671,424564,473907,59524.8,22.52
OH,2021,2508664,1293129,68008,575920,106335,1029340,182628,182628,176348,165301,44522,18.49
OK,2021,3020469,745038,11,131695,813966,519226,0,0,352449,367146,17859.2,17.51
OR,2021,216,305665,0,1303,0,322320,0,0,428108,449244,15233.9,21.4
PA,2021,8057540,1867361,1070658,485193,35580,1035606,792878,792878,194203,223410,46423.2,19.49
RI,2021,0,105473,0,0,0,76590,0,0,11872,14546,3736.6,25.66
SC,2021,0,350088,0,162628,0,509517,561696,561696,154382,170674,21008.8,20.22
SD,2021,174,96787,0,21589,5849,119919,0,0,308012,205338,4775.9,18.85
TN,2021,3738,413619,0,225784,893,715602,369061,369061,187194,198765,27981.4,19.57
TX,2021,12097844,4736878,229766,968401,9898665,6802215,420047,420047,1197430,1293066,161664.5,16.53
UT,2021,264055,274376,275199,276159,201927,302537,0,0,57198,67954,11113.6,19.68
VA,2021,101049,699927,283564,68603,28,789358,298458,298458,162863,189262,32132.2,19.73
VT,2021,0,13801,0,0,0,72373,0,0,37726,40260,2813.5,24.24
WA,2021,0,382807,0,36943,0,712349,88909,88909,842047,850547,25940.3,20.92
WI,2021,0,559535,0,286760,0,533212,104149,104149,200714,178716,23910.9,19.44
WV,2021,3306066,279133,2045481,633582,103791,205121,0,0,41337,48756,8754.1,19.6
WY,2021,1255606,161354,4189040,376971,486091,146812,0,0,101217,91943,5015.9,17.32
US,2021,42914551,31655918,11642632,10547764,23372153,35251979,8128952,8128952,12303043,12139977,1317098.4,19.99